U;N;I;T;I;D
O;P;E;I;D
O;P;E;I;D;6
I;N;S;T;N;M
C;I;T;Y
S;T;A;B;B;R
Z;I;P
A;C;C;R;E;D;A;G;E;N;C;Y
I;N;S;T;U;R;L
N;P;C;U;R;L
S;C;H;_;D;E;G
H;C;M;2
M;A;I;N
N;U;M;B;R;A;N;C;H
P;R;E;D;D;E;G
H;I;G;H;D;E;G
C;O;N;T;R;O;L
S;T;_;F;I;P;S
R;E;G;I;O;N
L;O;C;A;L;E
L;O;C;A;L;E;2
L;A;T;I;T;U;D;E
L;O;N;G;I;T;U;D;E
C;C;B;A;S;I;C
C;C;U;G;P;R;O;F
C;C;S;I;Z;S;E;T
H;B;C;U
P;B;I
A;N;N;H;I
T;R;I;B;A;L
A;A;N;A;P;I;I
H;S;I
N;A;N;T;I
M;E;N;O;N;L;Y
W;O;M;E;N;O;N;L;Y
R;E;L;A;F;F;I;L
A;D;M;_;R;A;T;E
A;D;M;_;R;A;T;E;_;A;L;L
S;A;T;V;R;2;5
S;A;T;V;R;7;5
S;A;T;M;T;2;5
S;A;T;M;T;7;5
S;A;T;W;R;2;5
S;A;T;W;R;7;5
S;A;T;V;R;M;I;D
S;A;T;M;T;M;I;D
S;A;T;W;R;M;I;D
A;C;T;C;M;2;5
A;C;T;C;M;7;5
A;C;T;E;N;2;5
A;C;T;E;N;7;5
A;C;T;M;T;2;5
A;C;T;M;T;7;5
A;C;T;W;R;2;5
A;C;T;W;R;7;5
A;C;T;C;M;M;I;D
A;C;T;E;N;M;I;D
A;C;T;M;T;M;I;D
A;C;T;W;R;M;I;D
S;A;T;_;A;V;G
S;A;T;_;A;V;G;_;A;L;L
P;C;I;P;0;1
P;C;I;P;0;3
P;C;I;P;0;4
P;C;I;P;0;5
P;C;I;P;0;9
P;C;I;P;1;0
P;C;I;P;1;1
P;C;I;P;1;2
P;C;I;P;1;3
P;C;I;P;1;4
P;C;I;P;1;5
P;C;I;P;1;6
P;C;I;P;1;9
P;C;I;P;2;2
P;C;I;P;2;3
P;C;I;P;2;4
P;C;I;P;2;5
P;C;I;P;2;6
P;C;I;P;2;7
P;C;I;P;2;9
P;C;I;P;3;0
P;C;I;P;3;1
P;C;I;P;3;8
P;C;I;P;3;9
P;C;I;P;4;0
P;C;I;P;4;1
P;C;I;P;4;2
P;C;I;P;4;3
P;C;I;P;4;4
P;C;I;P;4;5
P;C;I;P;4;6
P;C;I;P;4;7
P;C;I;P;4;8
P;C;I;P;4;9
P;C;I;P;5;0
P;C;I;P;5;1
P;C;I;P;5;2
P;C;I;P;5;4
C;I;P;0;1;C;E;R;T;1
C;I;P;0;1;C;E;R;T;2
C;I;P;0;1;A;S;S;O;C
C;I;P;0;1;C;E;R;T;4
C;I;P;0;1;B;A;C;H;L
C;I;P;0;3;C;E;R;T;1
C;I;P;0;3;C;E;R;T;2
C;I;P;0;3;A;S;S;O;C
C;I;P;0;3;C;E;R;T;4
C;I;P;0;3;B;A;C;H;L
C;I;P;0;4;C;E;R;T;1
C;I;P;0;4;C;E;R;T;2
C;I;P;0;4;A;S;S;O;C
C;I;P;0;4;C;E;R;T;4
C;I;P;0;4;B;A;C;H;L
C;I;P;0;5;C;E;R;T;1
C;I;P;0;5;C;E;R;T;2
C;I;P;0;5;A;S;S;O;C
C;I;P;0;5;C;E;R;T;4
C;I;P;0;5;B;A;C;H;L
C;I;P;0;9;C;E;R;T;1
C;I;P;0;9;C;E;R;T;2
C;I;P;0;9;A;S;S;O;C
C;I;P;0;9;C;E;R;T;4
C;I;P;0;9;B;A;C;H;L
C;I;P;1;0;C;E;R;T;1
C;I;P;1;0;C;E;R;T;2
C;I;P;1;0;A;S;S;O;C
C;I;P;1;0;C;E;R;T;4
C;I;P;1;0;B;A;C;H;L
C;I;P;1;1;C;E;R;T;1
C;I;P;1;1;C;E;R;T;2
C;I;P;1;1;A;S;S;O;C
C;I;P;1;1;C;E;R;T;4
C;I;P;1;1;B;A;C;H;L
C;I;P;1;2;C;E;R;T;1
C;I;P;1;2;C;E;R;T;2
C;I;P;1;2;A;S;S;O;C
C;I;P;1;2;C;E;R;T;4
C;I;P;1;2;B;A;C;H;L
C;I;P;1;3;C;E;R;T;1
C;I;P;1;3;C;E;R;T;2
C;I;P;1;3;A;S;S;O;C
C;I;P;1;3;C;E;R;T;4
C;I;P;1;3;B;A;C;H;L
C;I;P;1;4;C;E;R;T;1
C;I;P;1;4;C;E;R;T;2
C;I;P;1;4;A;S;S;O;C
C;I;P;1;4;C;E;R;T;4
C;I;P;1;4;B;A;C;H;L
C;I;P;1;5;C;E;R;T;1
C;I;P;1;5;C;E;R;T;2
C;I;P;1;5;A;S;S;O;C
C;I;P;1;5;C;E;R;T;4
C;I;P;1;5;B;A;C;H;L
C;I;P;1;6;C;E;R;T;1
C;I;P;1;6;C;E;R;T;2
C;I;P;1;6;A;S;S;O;C
C;I;P;1;6;C;E;R;T;4
C;I;P;1;6;B;A;C;H;L
C;I;P;1;9;C;E;R;T;1
C;I;P;1;9;C;E;R;T;2
C;I;P;1;9;A;S;S;O;C
C;I;P;1;9;C;E;R;T;4
C;I;P;1;9;B;A;C;H;L
C;I;P;2;2;C;E;R;T;1
C;I;P;2;2;C;E;R;T;2
C;I;P;2;2;A;S;S;O;C
C;I;P;2;2;C;E;R;T;4
C;I;P;2;2;B;A;C;H;L
C;I;P;2;3;C;E;R;T;1
C;I;P;2;3;C;E;R;T;2
C;I;P;2;3;A;S;S;O;C
C;I;P;2;3;C;E;R;T;4
C;I;P;2;3;B;A;C;H;L
C;I;P;2;4;C;E;R;T;1
C;I;P;2;4;C;E;R;T;2
C;I;P;2;4;A;S;S;O;C
C;I;P;2;4;C;E;R;T;4
C;I;P;2;4;B;A;C;H;L
C;I;P;2;5;C;E;R;T;1
C;I;P;2;5;C;E;R;T;2
C;I;P;2;5;A;S;S;O;C
C;I;P;2;5;C;E;R;T;4
C;I;P;2;5;B;A;C;H;L
C;I;P;2;6;C;E;R;T;1
C;I;P;2;6;C;E;R;T;2
C;I;P;2;6;A;S;S;O;C
C;I;P;2;6;C;E;R;T;4
C;I;P;2;6;B;A;C;H;L
C;I;P;2;7;C;E;R;T;1
C;I;P;2;7;C;E;R;T;2
C;I;P;2;7;A;S;S;O;C
C;I;P;2;7;C;E;R;T;4
C;I;P;2;7;B;A;C;H;L
C;I;P;2;9;C;E;R;T;1
C;I;P;2;9;C;E;R;T;2
C;I;P;2;9;A;S;S;O;C
C;I;P;2;9;C;E;R;T;4
C;I;P;2;9;B;A;C;H;L
C;I;P;3;0;C;E;R;T;1
C;I;P;3;0;C;E;R;T;2
C;I;P;3;0;A;S;S;O;C
C;I;P;3;0;C;E;R;T;4
C;I;P;3;0;B;A;C;H;L
C;I;P;3;1;C;E;R;T;1
C;I;P;3;1;C;E;R;T;2
C;I;P;3;1;A;S;S;O;C
C;I;P;3;1;C;E;R;T;4
C;I;P;3;1;B;A;C;H;L
C;I;P;3;8;C;E;R;T;1
C;I;P;3;8;C;E;R;T;2
C;I;P;3;8;A;S;S;O;C
C;I;P;3;8;C;E;R;T;4
C;I;P;3;8;B;A;C;H;L
C;I;P;3;9;C;E;R;T;1
C;I;P;3;9;C;E;R;T;2
C;I;P;3;9;A;S;S;O;C
C;I;P;3;9;C;E;R;T;4
C;I;P;3;9;B;A;C;H;L
C;I;P;4;0;C;E;R;T;1
C;I;P;4;0;C;E;R;T;2
C;I;P;4;0;A;S;S;O;C
C;I;P;4;0;C;E;R;T;4
C;I;P;4;0;B;A;C;H;L
C;I;P;4;1;C;E;R;T;1
C;I;P;4;1;C;E;R;T;2
C;I;P;4;1;A;S;S;O;C
C;I;P;4;1;C;E;R;T;4
C;I;P;4;1;B;A;C;H;L
C;I;P;4;2;C;E;R;T;1
C;I;P;4;2;C;E;R;T;2
C;I;P;4;2;A;S;S;O;C
C;I;P;4;2;C;E;R;T;4
C;I;P;4;2;B;A;C;H;L
C;I;P;4;3;C;E;R;T;1
C;I;P;4;3;C;E;R;T;2
C;I;P;4;3;A;S;S;O;C
C;I;P;4;3;C;E;R;T;4
C;I;P;4;3;B;A;C;H;L
C;I;P;4;4;C;E;R;T;1
C;I;P;4;4;C;E;R;T;2
C;I;P;4;4;A;S;S;O;C
C;I;P;4;4;C;E;R;T;4
C;I;P;4;4;B;A;C;H;L
C;I;P;4;5;C;E;R;T;1
C;I;P;4;5;C;E;R;T;2
C;I;P;4;5;A;S;S;O;C
C;I;P;4;5;C;E;R;T;4
C;I;P;4;5;B;A;C;H;L
C;I;P;4;6;C;E;R;T;1
C;I;P;4;6;C;E;R;T;2
C;I;P;4;6;A;S;S;O;C
C;I;P;4;6;C;E;R;T;4
C;I;P;4;6;B;A;C;H;L
C;I;P;4;7;C;E;R;T;1
C;I;P;4;7;C;E;R;T;2
C;I;P;4;7;A;S;S;O;C
C;I;P;4;7;C;E;R;T;4
C;I;P;4;7;B;A;C;H;L
C;I;P;4;8;C;E;R;T;1
C;I;P;4;8;C;E;R;T;2
C;I;P;4;8;A;S;S;O;C
C;I;P;4;8;C;E;R;T;4
C;I;P;4;8;B;A;C;H;L
C;I;P;4;9;C;E;R;T;1
C;I;P;4;9;C;E;R;T;2
C;I;P;4;9;A;S;S;O;C
C;I;P;4;9;C;E;R;T;4
C;I;P;4;9;B;A;C;H;L
C;I;P;5;0;C;E;R;T;1
C;I;P;5;0;C;E;R;T;2
C;I;P;5;0;A;S;S;O;C
C;I;P;5;0;C;E;R;T;4
C;I;P;5;0;B;A;C;H;L
C;I;P;5;1;C;E;R;T;1
C;I;P;5;1;C;E;R;T;2
C;I;P;5;1;A;S;S;O;C
C;I;P;5;1;C;E;R;T;4
C;I;P;5;1;B;A;C;H;L
C;I;P;5;2;C;E;R;T;1
C;I;P;5;2;C;E;R;T;2
C;I;P;5;2;A;S;S;O;C
C;I;P;5;2;C;E;R;T;4
C;I;P;5;2;B;A;C;H;L
C;I;P;5;4;C;E;R;T;1
C;I;P;5;4;C;E;R;T;2
C;I;P;5;4;A;S;S;O;C
C;I;P;5;4;C;E;R;T;4
C;I;P;5;4;B;A;C;H;L
D;I;S;T;A;N;C;E;O;N;L;Y
U;G;D;S
U;G
U;G;D;S;_;W;H;I;T;E
U;G;D;S;_;B;L;A;C;K
U;G;D;S;_;H;I;S;P
U;G;D;S;_;A;S;I;A;N
U;G;D;S;_;A;I;A;N
U;G;D;S;_;N;H;P;I
U;G;D;S;_;2;M;O;R
U;G;D;S;_;N;R;A
U;G;D;S;_;U;N;K;N
U;G;D;S;_;W;H;I;T;E;N;H
U;G;D;S;_;B;L;A;C;K;N;H
U;G;D;S;_;A;P;I
U;G;D;S;_;A;I;A;N;O;L;D
U;G;D;S;_;H;I;S;P;O;L;D
U;G;_;N;R;A
U;G;_;U;N;K;N
U;G;_;W;H;I;T;E;N;H
U;G;_;B;L;A;C;K;N;H
U;G;_;A;P;I
U;G;_;A;I;A;N;O;L;D
U;G;_;H;I;S;P;O;L;D
P;P;T;U;G;_;E;F
P;P;T;U;G;_;E;F;2
C;U;R;R;O;P;E;R
N;P;T;4;_;P;U;B
N;P;T;4;_;P;R;I;V
N;P;T;4;_;P;R;O;G
N;P;T;4;_;O;T;H;E;R
N;P;T;4;1;_;P;U;B
N;P;T;4;2;_;P;U;B
N;P;T;4;3;_;P;U;B
N;P;T;4;4;_;P;U;B
N;P;T;4;5;_;P;U;B
N;P;T;4;1;_;P;R;I;V
N;P;T;4;2;_;P;R;I;V
N;P;T;4;3;_;P;R;I;V
N;P;T;4;4;_;P;R;I;V
N;P;T;4;5;_;P;R;I;V
N;P;T;4;1;_;P;R;O;G
N;P;T;4;2;_;P;R;O;G
N;P;T;4;3;_;P;R;O;G
N;P;T;4;4;_;P;R;O;G
N;P;T;4;5;_;P;R;O;G
N;P;T;4;1;_;O;T;H;E;R
N;P;T;4;2;_;O;T;H;E;R
N;P;T;4;3;_;O;T;H;E;R
N;P;T;4;4;_;O;T;H;E;R
N;P;T;4;5;_;O;T;H;E;R
N;P;T;4;_;0;4;8;_;P;U;B
N;P;T;4;_;0;4;8;_;P;R;I;V
N;P;T;4;_;0;4;8;_;P;R;O;G
N;P;T;4;_;0;4;8;_;O;T;H;E;R
N;P;T;4;_;3;0;7;5;_;P;U;B
N;P;T;4;_;3;0;7;5;_;P;R;I;V
N;P;T;4;_;7;5;U;P;_;P;U;B
N;P;T;4;_;7;5;U;P;_;P;R;I;V
N;P;T;4;_;3;0;7;5;_;P;R;O;G
N;P;T;4;_;3;0;7;5;_;O;T;H;E;R
N;P;T;4;_;7;5;U;P;_;P;R;O;G
N;P;T;4;_;7;5;U;P;_;O;T;H;E;R
N;U;M;4;_;P;U;B
N;U;M;4;_;P;R;I;V
N;U;M;4;_;P;R;O;G
N;U;M;4;_;O;T;H;E;R
N;U;M;4;1;_;P;U;B
N;U;M;4;2;_;P;U;B
N;U;M;4;3;_;P;U;B
N;U;M;4;4;_;P;U;B
N;U;M;4;5;_;P;U;B
N;U;M;4;1;_;P;R;I;V
N;U;M;4;2;_;P;R;I;V
N;U;M;4;3;_;P;R;I;V
N;U;M;4;4;_;P;R;I;V
N;U;M;4;5;_;P;R;I;V
N;U;M;4;1;_;P;R;O;G
N;U;M;4;2;_;P;R;O;G
N;U;M;4;3;_;P;R;O;G
N;U;M;4;4;_;P;R;O;G
N;U;M;4;5;_;P;R;O;G
N;U;M;4;1;_;O;T;H;E;R
N;U;M;4;2;_;O;T;H;E;R
N;U;M;4;3;_;O;T;H;E;R
N;U;M;4;4;_;O;T;H;E;R
N;U;M;4;5;_;O;T;H;E;R
C;O;S;T;T;4;_;A
C;O;S;T;T;4;_;P
T;U;I;T;I;O;N;F;E;E;_;I;N
T;U;I;T;I;O;N;F;E;E;_;O;U;T
T;U;I;T;I;O;N;F;E;E;_;P;R;O;G
T;U;I;T;F;T;E
I;N;E;X;P;F;T;E
A;V;G;F;A;C;S;A;L
P;F;T;F;A;C
P;C;T;P;E;L;L
C;1;5;0;_;4
C;1;5;0;_;L;4
C;1;5;0;_;4;_;P;O;O;L;E;D
C;1;5;0;_;L;4;_;P;O;O;L;E;D
P;O;O;L;Y;R;S
P;F;T;F;T;U;G;1;_;E;F
D;1;5;0;_;4
D;1;5;0;_;L;4
D;1;5;0;_;4;_;P;O;O;L;E;D
D;1;5;0;_;L;4;_;P;O;O;L;E;D
C;1;5;0;_;4;_;W;H;I;T;E
C;1;5;0;_;4;_;B;L;A;C;K
C;1;5;0;_;4;_;H;I;S;P
C;1;5;0;_;4;_;A;S;I;A;N
C;1;5;0;_;4;_;A;I;A;N
C;1;5;0;_;4;_;N;H;P;I
C;1;5;0;_;4;_;2;M;O;R
C;1;5;0;_;4;_;N;R;A
C;1;5;0;_;4;_;U;N;K;N
C;1;5;0;_;4;_;W;H;I;T;E;N;H
C;1;5;0;_;4;_;B;L;A;C;K;N;H
C;1;5;0;_;4;_;A;P;I
C;1;5;0;_;4;_;A;I;A;N;O;L;D
C;1;5;0;_;4;_;H;I;S;P;O;L;D
C;1;5;0;_;L;4;_;W;H;I;T;E
C;1;5;0;_;L;4;_;B;L;A;C;K
C;1;5;0;_;L;4;_;H;I;S;P
C;1;5;0;_;L;4;_;A;S;I;A;N
C;1;5;0;_;L;4;_;A;I;A;N
C;1;5;0;_;L;4;_;N;H;P;I
C;1;5;0;_;L;4;_;2;M;O;R
C;1;5;0;_;L;4;_;N;R;A
C;1;5;0;_;L;4;_;U;N;K;N
C;1;5;0;_;L;4;_;W;H;I;T;E;N;H
C;1;5;0;_;L;4;_;B;L;A;C;K;N;H
C;1;5;0;_;L;4;_;A;P;I
C;1;5;0;_;L;4;_;A;I;A;N;O;L;D
C;1;5;0;_;L;4;_;H;I;S;P;O;L;D
C;2;0;0;_;4
C;2;0;0;_;L;4
D;2;0;0;_;4
D;2;0;0;_;L;4
R;E;T;_;F;T;4
R;E;T;_;F;T;L;4
R;E;T;_;P;T;4
R;E;T;_;P;T;L;4
C;2;0;0;_;4;_;P;O;O;L;E;D
C;2;0;0;_;L;4;_;P;O;O;L;E;D
P;O;O;L;Y;R;S;2;0;0
D;2;0;0;_;4;_;P;O;O;L;E;D
D;2;0;0;_;L;4;_;P;O;O;L;E;D
P;C;T;F;L;O;A;N
U;G;2;5;A;B;V
C;D;R;2
C;D;R;3
D;E;A;T;H;_;Y;R;2;_;R;T
C;O;M;P;_;O;R;I;G;_;Y;R;2;_;R;T
C;O;M;P;_;4;Y;R;_;T;R;A;N;S;_;Y;R;2;_;R;T
C;O;M;P;_;2;Y;R;_;T;R;A;N;S;_;Y;R;2;_;R;T
W;D;R;A;W;_;O;R;I;G;_;Y;R;2;_;R;T
W;D;R;A;W;_;4;Y;R;_;T;R;A;N;S;_;Y;R;2;_;R;T
W;D;R;A;W;_;2;Y;R;_;T;R;A;N;S;_;Y;R;2;_;R;T
E;N;R;L;_;O;R;I;G;_;Y;R;2;_;R;T
E;N;R;L;_;4;Y;R;_;T;R;A;N;S;_;Y;R;2;_;R;T
E;N;R;L;_;2;Y;R;_;T;R;A;N;S;_;Y;R;2;_;R;T
U;N;K;N;_;O;R;I;G;_;Y;R;2;_;R;T
U;N;K;N;_;4;Y;R;_;T;R;A;N;S;_;Y;R;2;_;R;T
U;N;K;N;_;2;Y;R;_;T;R;A;N;S;_;Y;R;2;_;R;T
L;O;_;I;N;C;_;D;E;A;T;H;_;Y;R;2;_;R;T
L;O;_;I;N;C;_;C;O;M;P;_;O;R;I;G;_;Y;R;2;_;R;T
L;O;_;I;N;C;_;C;O;M;P;_;4;Y;R;_;T;R;A;N;S;_;Y;R;2;_;R;T
L;O;_;I;N;C;_;C;O;M;P;_;2;Y;R;_;T;R;A;N;S;_;Y;R;2;_;R;T
L;O;_;I;N;C;_;W;D;R;A;W;_;O;R;I;G;_;Y;R;2;_;R;T
L;O;_;I;N;C;_;W;D;R;A;W;_;4;Y;R;_;T;R;A;N;S;_;Y;R;2;_;R;T
L;O;_;I;N;C;_;W;D;R;A;W;_;2;Y;R;_;T;R;A;N;S;_;Y;R;2;_;R;T
L;O;_;I;N;C;_;E;N;R;L;_;O;R;I;G;_;Y;R;2;_;R;T
L;O;_;I;N;C;_;E;N;R;L;_;4;Y;R;_;T;R;A;N;S;_;Y;R;2;_;R;T
L;O;_;I;N;C;_;E;N;R;L;_;2;Y;R;_;T;R;A;N;S;_;Y;R;2;_;R;T
L;O;_;I;N;C;_;U;N;K;N;_;O;R;I;G;_;Y;R;2;_;R;T
L;O;_;I;N;C;_;U;N;K;N;_;4;Y;R;_;T;R;A;N;S;_;Y;R;2;_;R;T
L;O;_;I;N;C;_;U;N;K;N;_;2;Y;R;_;T;R;A;N;S;_;Y;R;2;_;R;T
M;D;_;I;N;C;_;D;E;A;T;H;_;Y;R;2;_;R;T
M;D;_;I;N;C;_;C;O;M;P;_;O;R;I;G;_;Y;R;2;_;R;T
M;D;_;I;N;C;_;C;O;M;P;_;4;Y;R;_;T;R;A;N;S;_;Y;R;2;_;R;T
M;D;_;I;N;C;_;C;O;M;P;_;2;Y;R;_;T;R;A;N;S;_;Y;R;2;_;R;T
M;D;_;I;N;C;_;W;D;R;A;W;_;O;R;I;G;_;Y;R;2;_;R;T
M;D;_;I;N;C;_;W;D;R;A;W;_;4;Y;R;_;T;R;A;N;S;_;Y;R;2;_;R;T
M;D;_;I;N;C;_;W;D;R;A;W;_;2;Y;R;_;T;R;A;N;S;_;Y;R;2;_;R;T
M;D;_;I;N;C;_;E;N;R;L;_;O;R;I;G;_;Y;R;2;_;R;T
M;D;_;I;N;C;_;E;N;R;L;_;4;Y;R;_;T;R;A;N;S;_;Y;R;2;_;R;T
M;D;_;I;N;C;_;E;N;R;L;_;2;Y;R;_;T;R;A;N;S;_;Y;R;2;_;R;T
M;D;_;I;N;C;_;U;N;K;N;_;O;R;I;G;_;Y;R;2;_;R;T
M;D;_;I;N;C;_;U;N;K;N;_;4;Y;R;_;T;R;A;N;S;_;Y;R;2;_;R;T
M;D;_;I;N;C;_;U;N;K;N;_;2;Y;R;_;T;R;A;N;S;_;Y;R;2;_;R;T
H;I;_;I;N;C;_;D;E;A;T;H;_;Y;R;2;_;R;T
H;I;_;I;N;C;_;C;O;M;P;_;O;R;I;G;_;Y;R;2;_;R;T
H;I;_;I;N;C;_;C;O;M;P;_;4;Y;R;_;T;R;A;N;S;_;Y;R;2;_;R;T
H;I;_;I;N;C;_;C;O;M;P;_;2;Y;R;_;T;R;A;N;S;_;Y;R;2;_;R;T
H;I;_;I;N;C;_;W;D;R;A;W;_;O;R;I;G;_;Y;R;2;_;R;T
H;I;_;I;N;C;_;W;D;R;A;W;_;4;Y;R;_;T;R;A;N;S;_;Y;R;2;_;R;T
H;I;_;I;N;C;_;W;D;R;A;W;_;2;Y;R;_;T;R;A;N;S;_;Y;R;2;_;R;T
H;I;_;I;N;C;_;E;N;R;L;_;O;R;I;G;_;Y;R;2;_;R;T
H;I;_;I;N;C;_;E;N;R;L;_;4;Y;R;_;T;R;A;N;S;_;Y;R;2;_;R;T
H;I;_;I;N;C;_;E;N;R;L;_;2;Y;R;_;T;R;A;N;S;_;Y;R;2;_;R;T
H;I;_;I;N;C;_;U;N;K;N;_;O;R;I;G;_;Y;R;2;_;R;T
H;I;_;I;N;C;_;U;N;K;N;_;4;Y;R;_;T;R;A;N;S;_;Y;R;2;_;R;T
H;I;_;I;N;C;_;U;N;K;N;_;2;Y;R;_;T;R;A;N;S;_;Y;R;2;_;R;T
D;E;P;_;D;E;A;T;H;_;Y;R;2;_;R;T
D;E;P;_;C;O;M;P;_;O;R;I;G;_;Y;R;2;_;R;T
D;E;P;_;C;O;M;P;_;4;Y;R;_;T;R;A;N;S;_;Y;R;2;_;R;T
D;E;P;_;C;O;M;P;_;2;Y;R;_;T;R;A;N;S;_;Y;R;2;_;R;T
D;E;P;_;W;D;R;A;W;_;O;R;I;G;_;Y;R;2;_;R;T
D;E;P;_;W;D;R;A;W;_;4;Y;R;_;T;R;A;N;S;_;Y;R;2;_;R;T
D;E;P;_;W;D;R;A;W;_;2;Y;R;_;T;R;A;N;S;_;Y;R;2;_;R;T
D;E;P;_;E;N;R;L;_;O;R;I;G;_;Y;R;2;_;R;T
D;E;P;_;E;N;R;L;_;4;Y;R;_;T;R;A;N;S;_;Y;R;2;_;R;T
D;E;P;_;E;N;R;L;_;2;Y;R;_;T;R;A;N;S;_;Y;R;2;_;R;T
D;E;P;_;U;N;K;N;_;O;R;I;G;_;Y;R;2;_;R;T
D;E;P;_;U;N;K;N;_;4;Y;R;_;T;R;A;N;S;_;Y;R;2;_;R;T
D;E;P;_;U;N;K;N;_;2;Y;R;_;T;R;A;N;S;_;Y;R;2;_;R;T
I;N;D;_;D;E;A;T;H;_;Y;R;2;_;R;T
I;N;D;_;C;O;M;P;_;O;R;I;G;_;Y;R;2;_;R;T
I;N;D;_;C;O;M;P;_;4;Y;R;_;T;R;A;N;S;_;Y;R;2;_;R;T
I;N;D;_;C;O;M;P;_;2;Y;R;_;T;R;A;N;S;_;Y;R;2;_;R;T
I;N;D;_;W;D;R;A;W;_;O;R;I;G;_;Y;R;2;_;R;T
I;N;D;_;W;D;R;A;W;_;4;Y;R;_;T;R;A;N;S;_;Y;R;2;_;R;T
I;N;D;_;W;D;R;A;W;_;2;Y;R;_;T;R;A;N;S;_;Y;R;2;_;R;T
I;N;D;_;E;N;R;L;_;O;R;I;G;_;Y;R;2;_;R;T
I;N;D;_;E;N;R;L;_;4;Y;R;_;T;R;A;N;S;_;Y;R;2;_;R;T
I;N;D;_;E;N;R;L;_;2;Y;R;_;T;R;A;N;S;_;Y;R;2;_;R;T
I;N;D;_;U;N;K;N;_;O;R;I;G;_;Y;R;2;_;R;T
I;N;D;_;U;N;K;N;_;4;Y;R;_;T;R;A;N;S;_;Y;R;2;_;R;T
I;N;D;_;U;N;K;N;_;2;Y;R;_;T;R;A;N;S;_;Y;R;2;_;R;T
F;E;M;A;L;E;_;D;E;A;T;H;_;Y;R;2;_;R;T
F;E;M;A;L;E;_;C;O;M;P;_;O;R;I;G;_;Y;R;2;_;R;T
F;E;M;A;L;E;_;C;O;M;P;_;4;Y;R;_;T;R;A;N;S;_;Y;R;2;_;R;T
F;E;M;A;L;E;_;C;O;M;P;_;2;Y;R;_;T;R;A;N;S;_;Y;R;2;_;R;T
F;E;M;A;L;E;_;W;D;R;A;W;_;O;R;I;G;_;Y;R;2;_;R;T
F;E;M;A;L;E;_;W;D;R;A;W;_;4;Y;R;_;T;R;A;N;S;_;Y;R;2;_;R;T
F;E;M;A;L;E;_;W;D;R;A;W;_;2;Y;R;_;T;R;A;N;S;_;Y;R;2;_;R;T
F;E;M;A;L;E;_;E;N;R;L;_;O;R;I;G;_;Y;R;2;_;R;T
F;E;M;A;L;E;_;E;N;R;L;_;4;Y;R;_;T;R;A;N;S;_;Y;R;2;_;R;T
F;E;M;A;L;E;_;E;N;R;L;_;2;Y;R;_;T;R;A;N;S;_;Y;R;2;_;R;T
F;E;M;A;L;E;_;U;N;K;N;_;O;R;I;G;_;Y;R;2;_;R;T
F;E;M;A;L;E;_;U;N;K;N;_;4;Y;R;_;T;R;A;N;S;_;Y;R;2;_;R;T
F;E;M;A;L;E;_;U;N;K;N;_;2;Y;R;_;T;R;A;N;S;_;Y;R;2;_;R;T
M;A;L;E;_;D;E;A;T;H;_;Y;R;2;_;R;T
M;A;L;E;_;C;O;M;P;_;O;R;I;G;_;Y;R;2;_;R;T
M;A;L;E;_;C;O;M;P;_;4;Y;R;_;T;R;A;N;S;_;Y;R;2;_;R;T
M;A;L;E;_;C;O;M;P;_;2;Y;R;_;T;R;A;N;S;_;Y;R;2;_;R;T
M;A;L;E;_;W;D;R;A;W;_;O;R;I;G;_;Y;R;2;_;R;T
M;A;L;E;_;W;D;R;A;W;_;4;Y;R;_;T;R;A;N;S;_;Y;R;2;_;R;T
M;A;L;E;_;W;D;R;A;W;_;2;Y;R;_;T;R;A;N;S;_;Y;R;2;_;R;T
M;A;L;E;_;E;N;R;L;_;O;R;I;G;_;Y;R;2;_;R;T
M;A;L;E;_;E;N;R;L;_;4;Y;R;_;T;R;A;N;S;_;Y;R;2;_;R;T
M;A;L;E;_;E;N;R;L;_;2;Y;R;_;T;R;A;N;S;_;Y;R;2;_;R;T
M;A;L;E;_;U;N;K;N;_;O;R;I;G;_;Y;R;2;_;R;T
M;A;L;E;_;U;N;K;N;_;4;Y;R;_;T;R;A;N;S;_;Y;R;2;_;R;T
M;A;L;E;_;U;N;K;N;_;2;Y;R;_;T;R;A;N;S;_;Y;R;2;_;R;T
P;E;L;L;_;D;E;A;T;H;_;Y;R;2;_;R;T
P;E;L;L;_;C;O;M;P;_;O;R;I;G;_;Y;R;2;_;R;T
P;E;L;L;_;C;O;M;P;_;4;Y;R;_;T;R;A;N;S;_;Y;R;2;_;R;T
P;E;L;L;_;C;O;M;P;_;2;Y;R;_;T;R;A;N;S;_;Y;R;2;_;R;T
P;E;L;L;_;W;D;R;A;W;_;O;R;I;G;_;Y;R;2;_;R;T
P;E;L;L;_;W;D;R;A;W;_;4;Y;R;_;T;R;A;N;S;_;Y;R;2;_;R;T
P;E;L;L;_;W;D;R;A;W;_;2;Y;R;_;T;R;A;N;S;_;Y;R;2;_;R;T
P;E;L;L;_;E;N;R;L;_;O;R;I;G;_;Y;R;2;_;R;T
P;E;L;L;_;E;N;R;L;_;4;Y;R;_;T;R;A;N;S;_;Y;R;2;_;R;T
P;E;L;L;_;E;N;R;L;_;2;Y;R;_;T;R;A;N;S;_;Y;R;2;_;R;T
P;E;L;L;_;U;N;K;N;_;O;R;I;G;_;Y;R;2;_;R;T
P;E;L;L;_;U;N;K;N;_;4;Y;R;_;T;R;A;N;S;_;Y;R;2;_;R;T
P;E;L;L;_;U;N;K;N;_;2;Y;R;_;T;R;A;N;S;_;Y;R;2;_;R;T
N;O;P;E;L;L;_;D;E;A;T;H;_;Y;R;2;_;R;T
N;O;P;E;L;L;_;C;O;M;P;_;O;R;I;G;_;Y;R;2;_;R;T
N;O;P;E;L;L;_;C;O;M;P;_;4;Y;R;_;T;R;A;N;S;_;Y;R;2;_;R;T
N;O;P;E;L;L;_;C;O;M;P;_;2;Y;R;_;T;R;A;N;S;_;Y;R;2;_;R;T
N;O;P;E;L;L;_;W;D;R;A;W;_;O;R;I;G;_;Y;R;2;_;R;T
N;O;P;E;L;L;_;W;D;R;A;W;_;4;Y;R;_;T;R;A;N;S;_;Y;R;2;_;R;T
N;O;P;E;L;L;_;W;D;R;A;W;_;2;Y;R;_;T;R;A;N;S;_;Y;R;2;_;R;T
N;O;P;E;L;L;_;E;N;R;L;_;O;R;I;G;_;Y;R;2;_;R;T
N;O;P;E;L;L;_;E;N;R;L;_;4;Y;R;_;T;R;A;N;S;_;Y;R;2;_;R;T
N;O;P;E;L;L;_;E;N;R;L;_;2;Y;R;_;T;R;A;N;S;_;Y;R;2;_;R;T
N;O;P;E;L;L;_;U;N;K;N;_;O;R;I;G;_;Y;R;2;_;R;T
N;O;P;E;L;L;_;U;N;K;N;_;4;Y;R;_;T;R;A;N;S;_;Y;R;2;_;R;T
N;O;P;E;L;L;_;U;N;K;N;_;2;Y;R;_;T;R;A;N;S;_;Y;R;2;_;R;T
L;O;A;N;_;D;E;A;T;H;_;Y;R;2;_;R;T
L;O;A;N;_;C;O;M;P;_;O;R;I;G;_;Y;R;2;_;R;T
L;O;A;N;_;C;O;M;P;_;4;Y;R;_;T;R;A;N;S;_;Y;R;2;_;R;T
L;O;A;N;_;C;O;M;P;_;2;Y;R;_;T;R;A;N;S;_;Y;R;2;_;R;T
L;O;A;N;_;W;D;R;A;W;_;O;R;I;G;_;Y;R;2;_;R;T
L;O;A;N;_;W;D;R;A;W;_;4;Y;R;_;T;R;A;N;S;_;Y;R;2;_;R;T
L;O;A;N;_;W;D;R;A;W;_;2;Y;R;_;T;R;A;N;S;_;Y;R;2;_;R;T
L;O;A;N;_;E;N;R;L;_;O;R;I;G;_;Y;R;2;_;R;T
L;O;A;N;_;E;N;R;L;_;4;Y;R;_;T;R;A;N;S;_;Y;R;2;_;R;T
L;O;A;N;_;E;N;R;L;_;2;Y;R;_;T;R;A;N;S;_;Y;R;2;_;R;T
L;O;A;N;_;U;N;K;N;_;O;R;I;G;_;Y;R;2;_;R;T
L;O;A;N;_;U;N;K;N;_;4;Y;R;_;T;R;A;N;S;_;Y;R;2;_;R;T
L;O;A;N;_;U;N;K;N;_;2;Y;R;_;T;R;A;N;S;_;Y;R;2;_;R;T
N;O;L;O;A;N;_;D;E;A;T;H;_;Y;R;2;_;R;T
N;O;L;O;A;N;_;C;O;M;P;_;O;R;I;G;_;Y;R;2;_;R;T
N;O;L;O;A;N;_;C;O;M;P;_;4;Y;R;_;T;R;A;N;S;_;Y;R;2;_;R;T
N;O;L;O;A;N;_;C;O;M;P;_;2;Y;R;_;T;R;A;N;S;_;Y;R;2;_;R;T
N;O;L;O;A;N;_;W;D;R;A;W;_;O;R;I;G;_;Y;R;2;_;R;T
N;O;L;O;A;N;_;W;D;R;A;W;_;4;Y;R;_;T;R;A;N;S;_;Y;R;2;_;R;T
N;O;L;O;A;N;_;W;D;R;A;W;_;2;Y;R;_;T;R;A;N;S;_;Y;R;2;_;R;T
N;O;L;O;A;N;_;E;N;R;L;_;O;R;I;G;_;Y;R;2;_;R;T
N;O;L;O;A;N;_;E;N;R;L;_;4;Y;R;_;T;R;A;N;S;_;Y;R;2;_;R;T
N;O;L;O;A;N;_;E;N;R;L;_;2;Y;R;_;T;R;A;N;S;_;Y;R;2;_;R;T
N;O;L;O;A;N;_;U;N;K;N;_;O;R;I;G;_;Y;R;2;_;R;T
N;O;L;O;A;N;_;U;N;K;N;_;4;Y;R;_;T;R;A;N;S;_;Y;R;2;_;R;T
N;O;L;O;A;N;_;U;N;K;N;_;2;Y;R;_;T;R;A;N;S;_;Y;R;2;_;R;T
F;I;R;S;T;G;E;N;_;D;E;A;T;H;_;Y;R;2;_;R;T
F;I;R;S;T;G;E;N;_;C;O;M;P;_;O;R;I;G;_;Y;R;2;_;R;T
F;I;R;S;T;G;E;N;_;C;O;M;P;_;4;Y;R;_;T;R;A;N;S;_;Y;R;2;_;R;T
F;I;R;S;T;G;E;N;_;C;O;M;P;_;2;Y;R;_;T;R;A;N;S;_;Y;R;2;_;R;T
F;I;R;S;T;G;E;N;_;W;D;R;A;W;_;O;R;I;G;_;Y;R;2;_;R;T
F;I;R;S;T;G;E;N;_;W;D;R;A;W;_;4;Y;R;_;T;R;A;N;S;_;Y;R;2;_;R;T
F;I;R;S;T;G;E;N;_;W;D;R;A;W;_;2;Y;R;_;T;R;A;N;S;_;Y;R;2;_;R;T
F;I;R;S;T;G;E;N;_;E;N;R;L;_;O;R;I;G;_;Y;R;2;_;R;T
F;I;R;S;T;G;E;N;_;E;N;R;L;_;4;Y;R;_;T;R;A;N;S;_;Y;R;2;_;R;T
F;I;R;S;T;G;E;N;_;E;N;R;L;_;2;Y;R;_;T;R;A;N;S;_;Y;R;2;_;R;T
F;I;R;S;T;G;E;N;_;U;N;K;N;_;O;R;I;G;_;Y;R;2;_;R;T
F;I;R;S;T;G;E;N;_;U;N;K;N;_;4;Y;R;_;T;R;A;N;S;_;Y;R;2;_;R;T
F;I;R;S;T;G;E;N;_;U;N;K;N;_;2;Y;R;_;T;R;A;N;S;_;Y;R;2;_;R;T
N;O;T;1;S;T;G;E;N;_;D;E;A;T;H;_;Y;R;2;_;R;T
N;O;T;1;S;T;G;E;N;_;C;O;M;P;_;O;R;I;G;_;Y;R;2;_;R;T
N;O;T;1;S;T;G;E;N;_;C;O;M;P;_;4;Y;R;_;T;R;A;N;S;_;Y;R;2;_;R;T
N;O;T;1;S;T;G;E;N;_;C;O;M;P;_;2;Y;R;_;T;R;A;N;S;_;Y;R;2;_;R;T
N;O;T;1;S;T;G;E;N;_;W;D;R;A;W;_;O;R;I;G;_;Y;R;2;_;R;T
N;O;T;1;S;T;G;E;N;_;W;D;R;A;W;_;4;Y;R;_;T;R;A;N;S;_;Y;R;2;_;R;T
N;O;T;1;S;T;G;E;N;_;W;D;R;A;W;_;2;Y;R;_;T;R;A;N;S;_;Y;R;2;_;R;T
N;O;T;1;S;T;G;E;N;_;E;N;R;L;_;O;R;I;G;_;Y;R;2;_;R;T
N;O;T;1;S;T;G;E;N;_;E;N;R;L;_;4;Y;R;_;T;R;A;N;S;_;Y;R;2;_;R;T
N;O;T;1;S;T;G;E;N;_;E;N;R;L;_;2;Y;R;_;T;R;A;N;S;_;Y;R;2;_;R;T
N;O;T;1;S;T;G;E;N;_;U;N;K;N;_;O;R;I;G;_;Y;R;2;_;R;T
N;O;T;1;S;T;G;E;N;_;U;N;K;N;_;4;Y;R;_;T;R;A;N;S;_;Y;R;2;_;R;T
N;O;T;1;S;T;G;E;N;_;U;N;K;N;_;2;Y;R;_;T;R;A;N;S;_;Y;R;2;_;R;T
D;E;A;T;H;_;Y;R;3;_;R;T
C;O;M;P;_;O;R;I;G;_;Y;R;3;_;R;T
C;O;M;P;_;4;Y;R;_;T;R;A;N;S;_;Y;R;3;_;R;T
C;O;M;P;_;2;Y;R;_;T;R;A;N;S;_;Y;R;3;_;R;T
W;D;R;A;W;_;O;R;I;G;_;Y;R;3;_;R;T
W;D;R;A;W;_;4;Y;R;_;T;R;A;N;S;_;Y;R;3;_;R;T
W;D;R;A;W;_;2;Y;R;_;T;R;A;N;S;_;Y;R;3;_;R;T
E;N;R;L;_;O;R;I;G;_;Y;R;3;_;R;T
E;N;R;L;_;4;Y;R;_;T;R;A;N;S;_;Y;R;3;_;R;T
E;N;R;L;_;2;Y;R;_;T;R;A;N;S;_;Y;R;3;_;R;T
U;N;K;N;_;O;R;I;G;_;Y;R;3;_;R;T
U;N;K;N;_;4;Y;R;_;T;R;A;N;S;_;Y;R;3;_;R;T
U;N;K;N;_;2;Y;R;_;T;R;A;N;S;_;Y;R;3;_;R;T
L;O;_;I;N;C;_;D;E;A;T;H;_;Y;R;3;_;R;T
L;O;_;I;N;C;_;C;O;M;P;_;O;R;I;G;_;Y;R;3;_;R;T
L;O;_;I;N;C;_;C;O;M;P;_;4;Y;R;_;T;R;A;N;S;_;Y;R;3;_;R;T
L;O;_;I;N;C;_;C;O;M;P;_;2;Y;R;_;T;R;A;N;S;_;Y;R;3;_;R;T
L;O;_;I;N;C;_;W;D;R;A;W;_;O;R;I;G;_;Y;R;3;_;R;T
L;O;_;I;N;C;_;W;D;R;A;W;_;4;Y;R;_;T;R;A;N;S;_;Y;R;3;_;R;T
L;O;_;I;N;C;_;W;D;R;A;W;_;2;Y;R;_;T;R;A;N;S;_;Y;R;3;_;R;T
L;O;_;I;N;C;_;E;N;R;L;_;O;R;I;G;_;Y;R;3;_;R;T
L;O;_;I;N;C;_;E;N;R;L;_;4;Y;R;_;T;R;A;N;S;_;Y;R;3;_;R;T
L;O;_;I;N;C;_;E;N;R;L;_;2;Y;R;_;T;R;A;N;S;_;Y;R;3;_;R;T
L;O;_;I;N;C;_;U;N;K;N;_;O;R;I;G;_;Y;R;3;_;R;T
L;O;_;I;N;C;_;U;N;K;N;_;4;Y;R;_;T;R;A;N;S;_;Y;R;3;_;R;T
L;O;_;I;N;C;_;U;N;K;N;_;2;Y;R;_;T;R;A;N;S;_;Y;R;3;_;R;T
M;D;_;I;N;C;_;D;E;A;T;H;_;Y;R;3;_;R;T
M;D;_;I;N;C;_;C;O;M;P;_;O;R;I;G;_;Y;R;3;_;R;T
M;D;_;I;N;C;_;C;O;M;P;_;4;Y;R;_;T;R;A;N;S;_;Y;R;3;_;R;T
M;D;_;I;N;C;_;C;O;M;P;_;2;Y;R;_;T;R;A;N;S;_;Y;R;3;_;R;T
M;D;_;I;N;C;_;W;D;R;A;W;_;O;R;I;G;_;Y;R;3;_;R;T
M;D;_;I;N;C;_;W;D;R;A;W;_;4;Y;R;_;T;R;A;N;S;_;Y;R;3;_;R;T
M;D;_;I;N;C;_;W;D;R;A;W;_;2;Y;R;_;T;R;A;N;S;_;Y;R;3;_;R;T
M;D;_;I;N;C;_;E;N;R;L;_;O;R;I;G;_;Y;R;3;_;R;T
M;D;_;I;N;C;_;E;N;R;L;_;4;Y;R;_;T;R;A;N;S;_;Y;R;3;_;R;T
M;D;_;I;N;C;_;E;N;R;L;_;2;Y;R;_;T;R;A;N;S;_;Y;R;3;_;R;T
M;D;_;I;N;C;_;U;N;K;N;_;O;R;I;G;_;Y;R;3;_;R;T
M;D;_;I;N;C;_;U;N;K;N;_;4;Y;R;_;T;R;A;N;S;_;Y;R;3;_;R;T
M;D;_;I;N;C;_;U;N;K;N;_;2;Y;R;_;T;R;A;N;S;_;Y;R;3;_;R;T
H;I;_;I;N;C;_;D;E;A;T;H;_;Y;R;3;_;R;T
H;I;_;I;N;C;_;C;O;M;P;_;O;R;I;G;_;Y;R;3;_;R;T
H;I;_;I;N;C;_;C;O;M;P;_;4;Y;R;_;T;R;A;N;S;_;Y;R;3;_;R;T
H;I;_;I;N;C;_;C;O;M;P;_;2;Y;R;_;T;R;A;N;S;_;Y;R;3;_;R;T
H;I;_;I;N;C;_;W;D;R;A;W;_;O;R;I;G;_;Y;R;3;_;R;T
H;I;_;I;N;C;_;W;D;R;A;W;_;4;Y;R;_;T;R;A;N;S;_;Y;R;3;_;R;T
H;I;_;I;N;C;_;W;D;R;A;W;_;2;Y;R;_;T;R;A;N;S;_;Y;R;3;_;R;T
H;I;_;I;N;C;_;E;N;R;L;_;O;R;I;G;_;Y;R;3;_;R;T
H;I;_;I;N;C;_;E;N;R;L;_;4;Y;R;_;T;R;A;N;S;_;Y;R;3;_;R;T
H;I;_;I;N;C;_;E;N;R;L;_;2;Y;R;_;T;R;A;N;S;_;Y;R;3;_;R;T
H;I;_;I;N;C;_;U;N;K;N;_;O;R;I;G;_;Y;R;3;_;R;T
H;I;_;I;N;C;_;U;N;K;N;_;4;Y;R;_;T;R;A;N;S;_;Y;R;3;_;R;T
H;I;_;I;N;C;_;U;N;K;N;_;2;Y;R;_;T;R;A;N;S;_;Y;R;3;_;R;T
D;E;P;_;D;E;A;T;H;_;Y;R;3;_;R;T
D;E;P;_;C;O;M;P;_;O;R;I;G;_;Y;R;3;_;R;T
D;E;P;_;C;O;M;P;_;4;Y;R;_;T;R;A;N;S;_;Y;R;3;_;R;T
D;E;P;_;C;O;M;P;_;2;Y;R;_;T;R;A;N;S;_;Y;R;3;_;R;T
D;E;P;_;W;D;R;A;W;_;O;R;I;G;_;Y;R;3;_;R;T
D;E;P;_;W;D;R;A;W;_;4;Y;R;_;T;R;A;N;S;_;Y;R;3;_;R;T
D;E;P;_;W;D;R;A;W;_;2;Y;R;_;T;R;A;N;S;_;Y;R;3;_;R;T
D;E;P;_;E;N;R;L;_;O;R;I;G;_;Y;R;3;_;R;T
D;E;P;_;E;N;R;L;_;4;Y;R;_;T;R;A;N;S;_;Y;R;3;_;R;T
D;E;P;_;E;N;R;L;_;2;Y;R;_;T;R;A;N;S;_;Y;R;3;_;R;T
D;E;P;_;U;N;K;N;_;O;R;I;G;_;Y;R;3;_;R;T
D;E;P;_;U;N;K;N;_;4;Y;R;_;T;R;A;N;S;_;Y;R;3;_;R;T
D;E;P;_;U;N;K;N;_;2;Y;R;_;T;R;A;N;S;_;Y;R;3;_;R;T
I;N;D;_;D;E;A;T;H;_;Y;R;3;_;R;T
I;N;D;_;C;O;M;P;_;O;R;I;G;_;Y;R;3;_;R;T
I;N;D;_;C;O;M;P;_;4;Y;R;_;T;R;A;N;S;_;Y;R;3;_;R;T
I;N;D;_;C;O;M;P;_;2;Y;R;_;T;R;A;N;S;_;Y;R;3;_;R;T
I;N;D;_;W;D;R;A;W;_;O;R;I;G;_;Y;R;3;_;R;T
I;N;D;_;W;D;R;A;W;_;4;Y;R;_;T;R;A;N;S;_;Y;R;3;_;R;T
I;N;D;_;W;D;R;A;W;_;2;Y;R;_;T;R;A;N;S;_;Y;R;3;_;R;T
I;N;D;_;E;N;R;L;_;O;R;I;G;_;Y;R;3;_;R;T
I;N;D;_;E;N;R;L;_;4;Y;R;_;T;R;A;N;S;_;Y;R;3;_;R;T
I;N;D;_;E;N;R;L;_;2;Y;R;_;T;R;A;N;S;_;Y;R;3;_;R;T
I;N;D;_;U;N;K;N;_;O;R;I;G;_;Y;R;3;_;R;T
I;N;D;_;U;N;K;N;_;4;Y;R;_;T;R;A;N;S;_;Y;R;3;_;R;T
I;N;D;_;U;N;K;N;_;2;Y;R;_;T;R;A;N;S;_;Y;R;3;_;R;T
F;E;M;A;L;E;_;D;E;A;T;H;_;Y;R;3;_;R;T
F;E;M;A;L;E;_;C;O;M;P;_;O;R;I;G;_;Y;R;3;_;R;T
F;E;M;A;L;E;_;C;O;M;P;_;4;Y;R;_;T;R;A;N;S;_;Y;R;3;_;R;T
F;E;M;A;L;E;_;C;O;M;P;_;2;Y;R;_;T;R;A;N;S;_;Y;R;3;_;R;T
F;E;M;A;L;E;_;W;D;R;A;W;_;O;R;I;G;_;Y;R;3;_;R;T
F;E;M;A;L;E;_;W;D;R;A;W;_;4;Y;R;_;T;R;A;N;S;_;Y;R;3;_;R;T
F;E;M;A;L;E;_;W;D;R;A;W;_;2;Y;R;_;T;R;A;N;S;_;Y;R;3;_;R;T
F;E;M;A;L;E;_;E;N;R;L;_;O;R;I;G;_;Y;R;3;_;R;T
F;E;M;A;L;E;_;E;N;R;L;_;4;Y;R;_;T;R;A;N;S;_;Y;R;3;_;R;T
F;E;M;A;L;E;_;E;N;R;L;_;2;Y;R;_;T;R;A;N;S;_;Y;R;3;_;R;T
F;E;M;A;L;E;_;U;N;K;N;_;O;R;I;G;_;Y;R;3;_;R;T
F;E;M;A;L;E;_;U;N;K;N;_;4;Y;R;_;T;R;A;N;S;_;Y;R;3;_;R;T
F;E;M;A;L;E;_;U;N;K;N;_;2;Y;R;_;T;R;A;N;S;_;Y;R;3;_;R;T
M;A;L;E;_;D;E;A;T;H;_;Y;R;3;_;R;T
M;A;L;E;_;C;O;M;P;_;O;R;I;G;_;Y;R;3;_;R;T
M;A;L;E;_;C;O;M;P;_;4;Y;R;_;T;R;A;N;S;_;Y;R;3;_;R;T
M;A;L;E;_;C;O;M;P;_;2;Y;R;_;T;R;A;N;S;_;Y;R;3;_;R;T
M;A;L;E;_;W;D;R;A;W;_;O;R;I;G;_;Y;R;3;_;R;T
M;A;L;E;_;W;D;R;A;W;_;4;Y;R;_;T;R;A;N;S;_;Y;R;3;_;R;T
M;A;L;E;_;W;D;R;A;W;_;2;Y;R;_;T;R;A;N;S;_;Y;R;3;_;R;T
M;A;L;E;_;E;N;R;L;_;O;R;I;G;_;Y;R;3;_;R;T
M;A;L;E;_;E;N;R;L;_;4;Y;R;_;T;R;A;N;S;_;Y;R;3;_;R;T
M;A;L;E;_;E;N;R;L;_;2;Y;R;_;T;R;A;N;S;_;Y;R;3;_;R;T
M;A;L;E;_;U;N;K;N;_;O;R;I;G;_;Y;R;3;_;R;T
M;A;L;E;_;U;N;K;N;_;4;Y;R;_;T;R;A;N;S;_;Y;R;3;_;R;T
M;A;L;E;_;U;N;K;N;_;2;Y;R;_;T;R;A;N;S;_;Y;R;3;_;R;T
P;E;L;L;_;D;E;A;T;H;_;Y;R;3;_;R;T
P;E;L;L;_;C;O;M;P;_;O;R;I;G;_;Y;R;3;_;R;T
P;E;L;L;_;C;O;M;P;_;4;Y;R;_;T;R;A;N;S;_;Y;R;3;_;R;T
P;E;L;L;_;C;O;M;P;_;2;Y;R;_;T;R;A;N;S;_;Y;R;3;_;R;T
P;E;L;L;_;W;D;R;A;W;_;O;R;I;G;_;Y;R;3;_;R;T
P;E;L;L;_;W;D;R;A;W;_;4;Y;R;_;T;R;A;N;S;_;Y;R;3;_;R;T
P;E;L;L;_;W;D;R;A;W;_;2;Y;R;_;T;R;A;N;S;_;Y;R;3;_;R;T
P;E;L;L;_;E;N;R;L;_;O;R;I;G;_;Y;R;3;_;R;T
P;E;L;L;_;E;N;R;L;_;4;Y;R;_;T;R;A;N;S;_;Y;R;3;_;R;T
P;E;L;L;_;E;N;R;L;_;2;Y;R;_;T;R;A;N;S;_;Y;R;3;_;R;T
P;E;L;L;_;U;N;K;N;_;O;R;I;G;_;Y;R;3;_;R;T
P;E;L;L;_;U;N;K;N;_;4;Y;R;_;T;R;A;N;S;_;Y;R;3;_;R;T
P;E;L;L;_;U;N;K;N;_;2;Y;R;_;T;R;A;N;S;_;Y;R;3;_;R;T
N;O;P;E;L;L;_;D;E;A;T;H;_;Y;R;3;_;R;T
N;O;P;E;L;L;_;C;O;M;P;_;O;R;I;G;_;Y;R;3;_;R;T
N;O;P;E;L;L;_;C;O;M;P;_;4;Y;R;_;T;R;A;N;S;_;Y;R;3;_;R;T
N;O;P;E;L;L;_;C;O;M;P;_;2;Y;R;_;T;R;A;N;S;_;Y;R;3;_;R;T
N;O;P;E;L;L;_;W;D;R;A;W;_;O;R;I;G;_;Y;R;3;_;R;T
N;O;P;E;L;L;_;W;D;R;A;W;_;4;Y;R;_;T;R;A;N;S;_;Y;R;3;_;R;T
N;O;P;E;L;L;_;W;D;R;A;W;_;2;Y;R;_;T;R;A;N;S;_;Y;R;3;_;R;T
N;O;P;E;L;L;_;E;N;R;L;_;O;R;I;G;_;Y;R;3;_;R;T
N;O;P;E;L;L;_;E;N;R;L;_;4;Y;R;_;T;R;A;N;S;_;Y;R;3;_;R;T
N;O;P;E;L;L;_;E;N;R;L;_;2;Y;R;_;T;R;A;N;S;_;Y;R;3;_;R;T
N;O;P;E;L;L;_;U;N;K;N;_;O;R;I;G;_;Y;R;3;_;R;T
N;O;P;E;L;L;_;U;N;K;N;_;4;Y;R;_;T;R;A;N;S;_;Y;R;3;_;R;T
N;O;P;E;L;L;_;U;N;K;N;_;2;Y;R;_;T;R;A;N;S;_;Y;R;3;_;R;T
L;O;A;N;_;D;E;A;T;H;_;Y;R;3;_;R;T
L;O;A;N;_;C;O;M;P;_;O;R;I;G;_;Y;R;3;_;R;T
L;O;A;N;_;C;O;M;P;_;4;Y;R;_;T;R;A;N;S;_;Y;R;3;_;R;T
L;O;A;N;_;C;O;M;P;_;2;Y;R;_;T;R;A;N;S;_;Y;R;3;_;R;T
L;O;A;N;_;W;D;R;A;W;_;O;R;I;G;_;Y;R;3;_;R;T
L;O;A;N;_;W;D;R;A;W;_;4;Y;R;_;T;R;A;N;S;_;Y;R;3;_;R;T
L;O;A;N;_;W;D;R;A;W;_;2;Y;R;_;T;R;A;N;S;_;Y;R;3;_;R;T
L;O;A;N;_;E;N;R;L;_;O;R;I;G;_;Y;R;3;_;R;T
L;O;A;N;_;E;N;R;L;_;4;Y;R;_;T;R;A;N;S;_;Y;R;3;_;R;T
L;O;A;N;_;E;N;R;L;_;2;Y;R;_;T;R;A;N;S;_;Y;R;3;_;R;T
L;O;A;N;_;U;N;K;N;_;O;R;I;G;_;Y;R;3;_;R;T
L;O;A;N;_;U;N;K;N;_;4;Y;R;_;T;R;A;N;S;_;Y;R;3;_;R;T
L;O;A;N;_;U;N;K;N;_;2;Y;R;_;T;R;A;N;S;_;Y;R;3;_;R;T
N;O;L;O;A;N;_;D;E;A;T;H;_;Y;R;3;_;R;T
N;O;L;O;A;N;_;C;O;M;P;_;O;R;I;G;_;Y;R;3;_;R;T
N;O;L;O;A;N;_;C;O;M;P;_;4;Y;R;_;T;R;A;N;S;_;Y;R;3;_;R;T
N;O;L;O;A;N;_;C;O;M;P;_;2;Y;R;_;T;R;A;N;S;_;Y;R;3;_;R;T
N;O;L;O;A;N;_;W;D;R;A;W;_;O;R;I;G;_;Y;R;3;_;R;T
N;O;L;O;A;N;_;W;D;R;A;W;_;4;Y;R;_;T;R;A;N;S;_;Y;R;3;_;R;T
N;O;L;O;A;N;_;W;D;R;A;W;_;2;Y;R;_;T;R;A;N;S;_;Y;R;3;_;R;T
N;O;L;O;A;N;_;E;N;R;L;_;O;R;I;G;_;Y;R;3;_;R;T
N;O;L;O;A;N;_;E;N;R;L;_;4;Y;R;_;T;R;A;N;S;_;Y;R;3;_;R;T
N;O;L;O;A;N;_;E;N;R;L;_;2;Y;R;_;T;R;A;N;S;_;Y;R;3;_;R;T
N;O;L;O;A;N;_;U;N;K;N;_;O;R;I;G;_;Y;R;3;_;R;T
N;O;L;O;A;N;_;U;N;K;N;_;4;Y;R;_;T;R;A;N;S;_;Y;R;3;_;R;T
N;O;L;O;A;N;_;U;N;K;N;_;2;Y;R;_;T;R;A;N;S;_;Y;R;3;_;R;T
F;I;R;S;T;G;E;N;_;D;E;A;T;H;_;Y;R;3;_;R;T
F;I;R;S;T;G;E;N;_;C;O;M;P;_;O;R;I;G;_;Y;R;3;_;R;T
F;I;R;S;T;G;E;N;_;C;O;M;P;_;4;Y;R;_;T;R;A;N;S;_;Y;R;3;_;R;T
F;I;R;S;T;G;E;N;_;C;O;M;P;_;2;Y;R;_;T;R;A;N;S;_;Y;R;3;_;R;T
F;I;R;S;T;G;E;N;_;W;D;R;A;W;_;O;R;I;G;_;Y;R;3;_;R;T
F;I;R;S;T;G;E;N;_;W;D;R;A;W;_;4;Y;R;_;T;R;A;N;S;_;Y;R;3;_;R;T
F;I;R;S;T;G;E;N;_;W;D;R;A;W;_;2;Y;R;_;T;R;A;N;S;_;Y;R;3;_;R;T
F;I;R;S;T;G;E;N;_;E;N;R;L;_;O;R;I;G;_;Y;R;3;_;R;T
F;I;R;S;T;G;E;N;_;E;N;R;L;_;4;Y;R;_;T;R;A;N;S;_;Y;R;3;_;R;T
F;I;R;S;T;G;E;N;_;E;N;R;L;_;2;Y;R;_;T;R;A;N;S;_;Y;R;3;_;R;T
F;I;R;S;T;G;E;N;_;U;N;K;N;_;O;R;I;G;_;Y;R;3;_;R;T
F;I;R;S;T;G;E;N;_;U;N;K;N;_;4;Y;R;_;T;R;A;N;S;_;Y;R;3;_;R;T
F;I;R;S;T;G;E;N;_;U;N;K;N;_;2;Y;R;_;T;R;A;N;S;_;Y;R;3;_;R;T
N;O;T;1;S;T;G;E;N;_;D;E;A;T;H;_;Y;R;3;_;R;T
N;O;T;1;S;T;G;E;N;_;C;O;M;P;_;O;R;I;G;_;Y;R;3;_;R;T
N;O;T;1;S;T;G;E;N;_;C;O;M;P;_;4;Y;R;_;T;R;A;N;S;_;Y;R;3;_;R;T
N;O;T;1;S;T;G;E;N;_;C;O;M;P;_;2;Y;R;_;T;R;A;N;S;_;Y;R;3;_;R;T
N;O;T;1;S;T;G;E;N;_;W;D;R;A;W;_;O;R;I;G;_;Y;R;3;_;R;T
N;O;T;1;S;T;G;E;N;_;W;D;R;A;W;_;4;Y;R;_;T;R;A;N;S;_;Y;R;3;_;R;T
N;O;T;1;S;T;G;E;N;_;W;D;R;A;W;_;2;Y;R;_;T;R;A;N;S;_;Y;R;3;_;R;T
N;O;T;1;S;T;G;E;N;_;E;N;R;L;_;O;R;I;G;_;Y;R;3;_;R;T
N;O;T;1;S;T;G;E;N;_;E;N;R;L;_;4;Y;R;_;T;R;A;N;S;_;Y;R;3;_;R;T
N;O;T;1;S;T;G;E;N;_;E;N;R;L;_;2;Y;R;_;T;R;A;N;S;_;Y;R;3;_;R;T
N;O;T;1;S;T;G;E;N;_;U;N;K;N;_;O;R;I;G;_;Y;R;3;_;R;T
N;O;T;1;S;T;G;E;N;_;U;N;K;N;_;4;Y;R;_;T;R;A;N;S;_;Y;R;3;_;R;T
N;O;T;1;S;T;G;E;N;_;U;N;K;N;_;2;Y;R;_;T;R;A;N;S;_;Y;R;3;_;R;T
D;E;A;T;H;_;Y;R;4;_;R;T
C;O;M;P;_;O;R;I;G;_;Y;R;4;_;R;T
C;O;M;P;_;4;Y;R;_;T;R;A;N;S;_;Y;R;4;_;R;T
C;O;M;P;_;2;Y;R;_;T;R;A;N;S;_;Y;R;4;_;R;T
W;D;R;A;W;_;O;R;I;G;_;Y;R;4;_;R;T
W;D;R;A;W;_;4;Y;R;_;T;R;A;N;S;_;Y;R;4;_;R;T
W;D;R;A;W;_;2;Y;R;_;T;R;A;N;S;_;Y;R;4;_;R;T
E;N;R;L;_;O;R;I;G;_;Y;R;4;_;R;T
E;N;R;L;_;4;Y;R;_;T;R;A;N;S;_;Y;R;4;_;R;T
E;N;R;L;_;2;Y;R;_;T;R;A;N;S;_;Y;R;4;_;R;T
U;N;K;N;_;O;R;I;G;_;Y;R;4;_;R;T
U;N;K;N;_;4;Y;R;_;T;R;A;N;S;_;Y;R;4;_;R;T
U;N;K;N;_;2;Y;R;_;T;R;A;N;S;_;Y;R;4;_;R;T
L;O;_;I;N;C;_;D;E;A;T;H;_;Y;R;4;_;R;T
L;O;_;I;N;C;_;C;O;M;P;_;O;R;I;G;_;Y;R;4;_;R;T
L;O;_;I;N;C;_;C;O;M;P;_;4;Y;R;_;T;R;A;N;S;_;Y;R;4;_;R;T
L;O;_;I;N;C;_;C;O;M;P;_;2;Y;R;_;T;R;A;N;S;_;Y;R;4;_;R;T
L;O;_;I;N;C;_;W;D;R;A;W;_;O;R;I;G;_;Y;R;4;_;R;T
L;O;_;I;N;C;_;W;D;R;A;W;_;4;Y;R;_;T;R;A;N;S;_;Y;R;4;_;R;T
L;O;_;I;N;C;_;W;D;R;A;W;_;2;Y;R;_;T;R;A;N;S;_;Y;R;4;_;R;T
L;O;_;I;N;C;_;E;N;R;L;_;O;R;I;G;_;Y;R;4;_;R;T
L;O;_;I;N;C;_;E;N;R;L;_;4;Y;R;_;T;R;A;N;S;_;Y;R;4;_;R;T
L;O;_;I;N;C;_;E;N;R;L;_;2;Y;R;_;T;R;A;N;S;_;Y;R;4;_;R;T
L;O;_;I;N;C;_;U;N;K;N;_;O;R;I;G;_;Y;R;4;_;R;T
L;O;_;I;N;C;_;U;N;K;N;_;4;Y;R;_;T;R;A;N;S;_;Y;R;4;_;R;T
L;O;_;I;N;C;_;U;N;K;N;_;2;Y;R;_;T;R;A;N;S;_;Y;R;4;_;R;T
M;D;_;I;N;C;_;D;E;A;T;H;_;Y;R;4;_;R;T
M;D;_;I;N;C;_;C;O;M;P;_;O;R;I;G;_;Y;R;4;_;R;T
M;D;_;I;N;C;_;C;O;M;P;_;4;Y;R;_;T;R;A;N;S;_;Y;R;4;_;R;T
M;D;_;I;N;C;_;C;O;M;P;_;2;Y;R;_;T;R;A;N;S;_;Y;R;4;_;R;T
M;D;_;I;N;C;_;W;D;R;A;W;_;O;R;I;G;_;Y;R;4;_;R;T
M;D;_;I;N;C;_;W;D;R;A;W;_;4;Y;R;_;T;R;A;N;S;_;Y;R;4;_;R;T
M;D;_;I;N;C;_;W;D;R;A;W;_;2;Y;R;_;T;R;A;N;S;_;Y;R;4;_;R;T
M;D;_;I;N;C;_;E;N;R;L;_;O;R;I;G;_;Y;R;4;_;R;T
M;D;_;I;N;C;_;E;N;R;L;_;4;Y;R;_;T;R;A;N;S;_;Y;R;4;_;R;T
M;D;_;I;N;C;_;E;N;R;L;_;2;Y;R;_;T;R;A;N;S;_;Y;R;4;_;R;T
M;D;_;I;N;C;_;U;N;K;N;_;O;R;I;G;_;Y;R;4;_;R;T
M;D;_;I;N;C;_;U;N;K;N;_;4;Y;R;_;T;R;A;N;S;_;Y;R;4;_;R;T
M;D;_;I;N;C;_;U;N;K;N;_;2;Y;R;_;T;R;A;N;S;_;Y;R;4;_;R;T
H;I;_;I;N;C;_;D;E;A;T;H;_;Y;R;4;_;R;T
H;I;_;I;N;C;_;C;O;M;P;_;O;R;I;G;_;Y;R;4;_;R;T
H;I;_;I;N;C;_;C;O;M;P;_;4;Y;R;_;T;R;A;N;S;_;Y;R;4;_;R;T
H;I;_;I;N;C;_;C;O;M;P;_;2;Y;R;_;T;R;A;N;S;_;Y;R;4;_;R;T
H;I;_;I;N;C;_;W;D;R;A;W;_;O;R;I;G;_;Y;R;4;_;R;T
H;I;_;I;N;C;_;W;D;R;A;W;_;4;Y;R;_;T;R;A;N;S;_;Y;R;4;_;R;T
H;I;_;I;N;C;_;W;D;R;A;W;_;2;Y;R;_;T;R;A;N;S;_;Y;R;4;_;R;T
H;I;_;I;N;C;_;E;N;R;L;_;O;R;I;G;_;Y;R;4;_;R;T
H;I;_;I;N;C;_;E;N;R;L;_;4;Y;R;_;T;R;A;N;S;_;Y;R;4;_;R;T
H;I;_;I;N;C;_;E;N;R;L;_;2;Y;R;_;T;R;A;N;S;_;Y;R;4;_;R;T
H;I;_;I;N;C;_;U;N;K;N;_;O;R;I;G;_;Y;R;4;_;R;T
H;I;_;I;N;C;_;U;N;K;N;_;4;Y;R;_;T;R;A;N;S;_;Y;R;4;_;R;T
H;I;_;I;N;C;_;U;N;K;N;_;2;Y;R;_;T;R;A;N;S;_;Y;R;4;_;R;T
D;E;P;_;D;E;A;T;H;_;Y;R;4;_;R;T
D;E;P;_;C;O;M;P;_;O;R;I;G;_;Y;R;4;_;R;T
D;E;P;_;C;O;M;P;_;4;Y;R;_;T;R;A;N;S;_;Y;R;4;_;R;T
D;E;P;_;C;O;M;P;_;2;Y;R;_;T;R;A;N;S;_;Y;R;4;_;R;T
D;E;P;_;W;D;R;A;W;_;O;R;I;G;_;Y;R;4;_;R;T
D;E;P;_;W;D;R;A;W;_;4;Y;R;_;T;R;A;N;S;_;Y;R;4;_;R;T
D;E;P;_;W;D;R;A;W;_;2;Y;R;_;T;R;A;N;S;_;Y;R;4;_;R;T
D;E;P;_;E;N;R;L;_;O;R;I;G;_;Y;R;4;_;R;T
D;E;P;_;E;N;R;L;_;4;Y;R;_;T;R;A;N;S;_;Y;R;4;_;R;T
D;E;P;_;E;N;R;L;_;2;Y;R;_;T;R;A;N;S;_;Y;R;4;_;R;T
D;E;P;_;U;N;K;N;_;O;R;I;G;_;Y;R;4;_;R;T
D;E;P;_;U;N;K;N;_;4;Y;R;_;T;R;A;N;S;_;Y;R;4;_;R;T
D;E;P;_;U;N;K;N;_;2;Y;R;_;T;R;A;N;S;_;Y;R;4;_;R;T
I;N;D;_;D;E;A;T;H;_;Y;R;4;_;R;T
I;N;D;_;C;O;M;P;_;O;R;I;G;_;Y;R;4;_;R;T
I;N;D;_;C;O;M;P;_;4;Y;R;_;T;R;A;N;S;_;Y;R;4;_;R;T
I;N;D;_;C;O;M;P;_;2;Y;R;_;T;R;A;N;S;_;Y;R;4;_;R;T
I;N;D;_;W;D;R;A;W;_;O;R;I;G;_;Y;R;4;_;R;T
I;N;D;_;W;D;R;A;W;_;4;Y;R;_;T;R;A;N;S;_;Y;R;4;_;R;T
I;N;D;_;W;D;R;A;W;_;2;Y;R;_;T;R;A;N;S;_;Y;R;4;_;R;T
I;N;D;_;E;N;R;L;_;O;R;I;G;_;Y;R;4;_;R;T
I;N;D;_;E;N;R;L;_;4;Y;R;_;T;R;A;N;S;_;Y;R;4;_;R;T
I;N;D;_;E;N;R;L;_;2;Y;R;_;T;R;A;N;S;_;Y;R;4;_;R;T
I;N;D;_;U;N;K;N;_;O;R;I;G;_;Y;R;4;_;R;T
I;N;D;_;U;N;K;N;_;4;Y;R;_;T;R;A;N;S;_;Y;R;4;_;R;T
I;N;D;_;U;N;K;N;_;2;Y;R;_;T;R;A;N;S;_;Y;R;4;_;R;T
F;E;M;A;L;E;_;D;E;A;T;H;_;Y;R;4;_;R;T
F;E;M;A;L;E;_;C;O;M;P;_;O;R;I;G;_;Y;R;4;_;R;T
F;E;M;A;L;E;_;C;O;M;P;_;4;Y;R;_;T;R;A;N;S;_;Y;R;4;_;R;T
F;E;M;A;L;E;_;C;O;M;P;_;2;Y;R;_;T;R;A;N;S;_;Y;R;4;_;R;T
F;E;M;A;L;E;_;W;D;R;A;W;_;O;R;I;G;_;Y;R;4;_;R;T
F;E;M;A;L;E;_;W;D;R;A;W;_;4;Y;R;_;T;R;A;N;S;_;Y;R;4;_;R;T
F;E;M;A;L;E;_;W;D;R;A;W;_;2;Y;R;_;T;R;A;N;S;_;Y;R;4;_;R;T
F;E;M;A;L;E;_;E;N;R;L;_;O;R;I;G;_;Y;R;4;_;R;T
F;E;M;A;L;E;_;E;N;R;L;_;4;Y;R;_;T;R;A;N;S;_;Y;R;4;_;R;T
F;E;M;A;L;E;_;E;N;R;L;_;2;Y;R;_;T;R;A;N;S;_;Y;R;4;_;R;T
F;E;M;A;L;E;_;U;N;K;N;_;O;R;I;G;_;Y;R;4;_;R;T
F;E;M;A;L;E;_;U;N;K;N;_;4;Y;R;_;T;R;A;N;S;_;Y;R;4;_;R;T
F;E;M;A;L;E;_;U;N;K;N;_;2;Y;R;_;T;R;A;N;S;_;Y;R;4;_;R;T
M;A;L;E;_;D;E;A;T;H;_;Y;R;4;_;R;T
M;A;L;E;_;C;O;M;P;_;O;R;I;G;_;Y;R;4;_;R;T
M;A;L;E;_;C;O;M;P;_;4;Y;R;_;T;R;A;N;S;_;Y;R;4;_;R;T
M;A;L;E;_;C;O;M;P;_;2;Y;R;_;T;R;A;N;S;_;Y;R;4;_;R;T
M;A;L;E;_;W;D;R;A;W;_;O;R;I;G;_;Y;R;4;_;R;T
M;A;L;E;_;W;D;R;A;W;_;4;Y;R;_;T;R;A;N;S;_;Y;R;4;_;R;T
M;A;L;E;_;W;D;R;A;W;_;2;Y;R;_;T;R;A;N;S;_;Y;R;4;_;R;T
M;A;L;E;_;E;N;R;L;_;O;R;I;G;_;Y;R;4;_;R;T
M;A;L;E;_;E;N;R;L;_;4;Y;R;_;T;R;A;N;S;_;Y;R;4;_;R;T
M;A;L;E;_;E;N;R;L;_;2;Y;R;_;T;R;A;N;S;_;Y;R;4;_;R;T
M;A;L;E;_;U;N;K;N;_;O;R;I;G;_;Y;R;4;_;R;T
M;A;L;E;_;U;N;K;N;_;4;Y;R;_;T;R;A;N;S;_;Y;R;4;_;R;T
M;A;L;E;_;U;N;K;N;_;2;Y;R;_;T;R;A;N;S;_;Y;R;4;_;R;T
P;E;L;L;_;D;E;A;T;H;_;Y;R;4;_;R;T
P;E;L;L;_;C;O;M;P;_;O;R;I;G;_;Y;R;4;_;R;T
P;E;L;L;_;C;O;M;P;_;4;Y;R;_;T;R;A;N;S;_;Y;R;4;_;R;T
P;E;L;L;_;C;O;M;P;_;2;Y;R;_;T;R;A;N;S;_;Y;R;4;_;R;T
P;E;L;L;_;W;D;R;A;W;_;O;R;I;G;_;Y;R;4;_;R;T
P;E;L;L;_;W;D;R;A;W;_;4;Y;R;_;T;R;A;N;S;_;Y;R;4;_;R;T
P;E;L;L;_;W;D;R;A;W;_;2;Y;R;_;T;R;A;N;S;_;Y;R;4;_;R;T
P;E;L;L;_;E;N;R;L;_;O;R;I;G;_;Y;R;4;_;R;T
P;E;L;L;_;E;N;R;L;_;4;Y;R;_;T;R;A;N;S;_;Y;R;4;_;R;T
P;E;L;L;_;E;N;R;L;_;2;Y;R;_;T;R;A;N;S;_;Y;R;4;_;R;T
P;E;L;L;_;U;N;K;N;_;O;R;I;G;_;Y;R;4;_;R;T
P;E;L;L;_;U;N;K;N;_;4;Y;R;_;T;R;A;N;S;_;Y;R;4;_;R;T
P;E;L;L;_;U;N;K;N;_;2;Y;R;_;T;R;A;N;S;_;Y;R;4;_;R;T
N;O;P;E;L;L;_;D;E;A;T;H;_;Y;R;4;_;R;T
N;O;P;E;L;L;_;C;O;M;P;_;O;R;I;G;_;Y;R;4;_;R;T
N;O;P;E;L;L;_;C;O;M;P;_;4;Y;R;_;T;R;A;N;S;_;Y;R;4;_;R;T
N;O;P;E;L;L;_;C;O;M;P;_;2;Y;R;_;T;R;A;N;S;_;Y;R;4;_;R;T
N;O;P;E;L;L;_;W;D;R;A;W;_;O;R;I;G;_;Y;R;4;_;R;T
N;O;P;E;L;L;_;W;D;R;A;W;_;4;Y;R;_;T;R;A;N;S;_;Y;R;4;_;R;T
N;O;P;E;L;L;_;W;D;R;A;W;_;2;Y;R;_;T;R;A;N;S;_;Y;R;4;_;R;T
N;O;P;E;L;L;_;E;N;R;L;_;O;R;I;G;_;Y;R;4;_;R;T
N;O;P;E;L;L;_;E;N;R;L;_;4;Y;R;_;T;R;A;N;S;_;Y;R;4;_;R;T
N;O;P;E;L;L;_;E;N;R;L;_;2;Y;R;_;T;R;A;N;S;_;Y;R;4;_;R;T
N;O;P;E;L;L;_;U;N;K;N;_;O;R;I;G;_;Y;R;4;_;R;T
N;O;P;E;L;L;_;U;N;K;N;_;4;Y;R;_;T;R;A;N;S;_;Y;R;4;_;R;T
N;O;P;E;L;L;_;U;N;K;N;_;2;Y;R;_;T;R;A;N;S;_;Y;R;4;_;R;T
L;O;A;N;_;D;E;A;T;H;_;Y;R;4;_;R;T
L;O;A;N;_;C;O;M;P;_;O;R;I;G;_;Y;R;4;_;R;T
L;O;A;N;_;C;O;M;P;_;4;Y;R;_;T;R;A;N;S;_;Y;R;4;_;R;T
L;O;A;N;_;C;O;M;P;_;2;Y;R;_;T;R;A;N;S;_;Y;R;4;_;R;T
L;O;A;N;_;W;D;R;A;W;_;O;R;I;G;_;Y;R;4;_;R;T
L;O;A;N;_;W;D;R;A;W;_;4;Y;R;_;T;R;A;N;S;_;Y;R;4;_;R;T
L;O;A;N;_;W;D;R;A;W;_;2;Y;R;_;T;R;A;N;S;_;Y;R;4;_;R;T
L;O;A;N;_;E;N;R;L;_;O;R;I;G;_;Y;R;4;_;R;T
L;O;A;N;_;E;N;R;L;_;4;Y;R;_;T;R;A;N;S;_;Y;R;4;_;R;T
L;O;A;N;_;E;N;R;L;_;2;Y;R;_;T;R;A;N;S;_;Y;R;4;_;R;T
L;O;A;N;_;U;N;K;N;_;O;R;I;G;_;Y;R;4;_;R;T
L;O;A;N;_;U;N;K;N;_;4;Y;R;_;T;R;A;N;S;_;Y;R;4;_;R;T
L;O;A;N;_;U;N;K;N;_;2;Y;R;_;T;R;A;N;S;_;Y;R;4;_;R;T
N;O;L;O;A;N;_;D;E;A;T;H;_;Y;R;4;_;R;T
N;O;L;O;A;N;_;C;O;M;P;_;O;R;I;G;_;Y;R;4;_;R;T
N;O;L;O;A;N;_;C;O;M;P;_;4;Y;R;_;T;R;A;N;S;_;Y;R;4;_;R;T
N;O;L;O;A;N;_;C;O;M;P;_;2;Y;R;_;T;R;A;N;S;_;Y;R;4;_;R;T
N;O;L;O;A;N;_;W;D;R;A;W;_;O;R;I;G;_;Y;R;4;_;R;T
N;O;L;O;A;N;_;W;D;R;A;W;_;4;Y;R;_;T;R;A;N;S;_;Y;R;4;_;R;T
N;O;L;O;A;N;_;W;D;R;A;W;_;2;Y;R;_;T;R;A;N;S;_;Y;R;4;_;R;T
N;O;L;O;A;N;_;E;N;R;L;_;O;R;I;G;_;Y;R;4;_;R;T
N;O;L;O;A;N;_;E;N;R;L;_;4;Y;R;_;T;R;A;N;S;_;Y;R;4;_;R;T
N;O;L;O;A;N;_;E;N;R;L;_;2;Y;R;_;T;R;A;N;S;_;Y;R;4;_;R;T
N;O;L;O;A;N;_;U;N;K;N;_;O;R;I;G;_;Y;R;4;_;R;T
N;O;L;O;A;N;_;U;N;K;N;_;4;Y;R;_;T;R;A;N;S;_;Y;R;4;_;R;T
N;O;L;O;A;N;_;U;N;K;N;_;2;Y;R;_;T;R;A;N;S;_;Y;R;4;_;R;T
F;I;R;S;T;G;E;N;_;D;E;A;T;H;_;Y;R;4;_;R;T
F;I;R;S;T;G;E;N;_;C;O;M;P;_;O;R;I;G;_;Y;R;4;_;R;T
F;I;R;S;T;G;E;N;_;C;O;M;P;_;4;Y;R;_;T;R;A;N;S;_;Y;R;4;_;R;T
F;I;R;S;T;G;E;N;_;C;O;M;P;_;2;Y;R;_;T;R;A;N;S;_;Y;R;4;_;R;T
F;I;R;S;T;G;E;N;_;W;D;R;A;W;_;O;R;I;G;_;Y;R;4;_;R;T
F;I;R;S;T;G;E;N;_;W;D;R;A;W;_;4;Y;R;_;T;R;A;N;S;_;Y;R;4;_;R;T
F;I;R;S;T;G;E;N;_;W;D;R;A;W;_;2;Y;R;_;T;R;A;N;S;_;Y;R;4;_;R;T
F;I;R;S;T;G;E;N;_;E;N;R;L;_;O;R;I;G;_;Y;R;4;_;R;T
F;I;R;S;T;G;E;N;_;E;N;R;L;_;4;Y;R;_;T;R;A;N;S;_;Y;R;4;_;R;T
F;I;R;S;T;G;E;N;_;E;N;R;L;_;2;Y;R;_;T;R;A;N;S;_;Y;R;4;_;R;T
F;I;R;S;T;G;E;N;_;U;N;K;N;_;O;R;I;G;_;Y;R;4;_;R;T
F;I;R;S;T;G;E;N;_;U;N;K;N;_;4;Y;R;_;T;R;A;N;S;_;Y;R;4;_;R;T
F;I;R;S;T;G;E;N;_;U;N;K;N;_;2;Y;R;_;T;R;A;N;S;_;Y;R;4;_;R;T
N;O;T;1;S;T;G;E;N;_;D;E;A;T;H;_;Y;R;4;_;R;T
N;O;T;1;S;T;G;E;N;_;C;O;M;P;_;O;R;I;G;_;Y;R;4;_;R;T
N;O;T;1;S;T;G;E;N;_;C;O;M;P;_;4;Y;R;_;T;R;A;N;S;_;Y;R;4;_;R;T
N;O;T;1;S;T;G;E;N;_;C;O;M;P;_;2;Y;R;_;T;R;A;N;S;_;Y;R;4;_;R;T
N;O;T;1;S;T;G;E;N;_;W;D;R;A;W;_;O;R;I;G;_;Y;R;4;_;R;T
N;O;T;1;S;T;G;E;N;_;W;D;R;A;W;_;4;Y;R;_;T;R;A;N;S;_;Y;R;4;_;R;T
N;O;T;1;S;T;G;E;N;_;W;D;R;A;W;_;2;Y;R;_;T;R;A;N;S;_;Y;R;4;_;R;T
N;O;T;1;S;T;G;E;N;_;E;N;R;L;_;O;R;I;G;_;Y;R;4;_;R;T
N;O;T;1;S;T;G;E;N;_;E;N;R;L;_;4;Y;R;_;T;R;A;N;S;_;Y;R;4;_;R;T
N;O;T;1;S;T;G;E;N;_;E;N;R;L;_;2;Y;R;_;T;R;A;N;S;_;Y;R;4;_;R;T
N;O;T;1;S;T;G;E;N;_;U;N;K;N;_;O;R;I;G;_;Y;R;4;_;R;T
N;O;T;1;S;T;G;E;N;_;U;N;K;N;_;4;Y;R;_;T;R;A;N;S;_;Y;R;4;_;R;T
N;O;T;1;S;T;G;E;N;_;U;N;K;N;_;2;Y;R;_;T;R;A;N;S;_;Y;R;4;_;R;T
D;E;A;T;H;_;Y;R;6;_;R;T
C;O;M;P;_;O;R;I;G;_;Y;R;6;_;R;T
C;O;M;P;_;4;Y;R;_;T;R;A;N;S;_;Y;R;6;_;R;T
C;O;M;P;_;2;Y;R;_;T;R;A;N;S;_;Y;R;6;_;R;T
W;D;R;A;W;_;O;R;I;G;_;Y;R;6;_;R;T
W;D;R;A;W;_;4;Y;R;_;T;R;A;N;S;_;Y;R;6;_;R;T
W;D;R;A;W;_;2;Y;R;_;T;R;A;N;S;_;Y;R;6;_;R;T
E;N;R;L;_;O;R;I;G;_;Y;R;6;_;R;T
E;N;R;L;_;4;Y;R;_;T;R;A;N;S;_;Y;R;6;_;R;T
E;N;R;L;_;2;Y;R;_;T;R;A;N;S;_;Y;R;6;_;R;T
U;N;K;N;_;O;R;I;G;_;Y;R;6;_;R;T
U;N;K;N;_;4;Y;R;_;T;R;A;N;S;_;Y;R;6;_;R;T
U;N;K;N;_;2;Y;R;_;T;R;A;N;S;_;Y;R;6;_;R;T
L;O;_;I;N;C;_;D;E;A;T;H;_;Y;R;6;_;R;T
L;O;_;I;N;C;_;C;O;M;P;_;O;R;I;G;_;Y;R;6;_;R;T
L;O;_;I;N;C;_;C;O;M;P;_;4;Y;R;_;T;R;A;N;S;_;Y;R;6;_;R;T
L;O;_;I;N;C;_;C;O;M;P;_;2;Y;R;_;T;R;A;N;S;_;Y;R;6;_;R;T
L;O;_;I;N;C;_;W;D;R;A;W;_;O;R;I;G;_;Y;R;6;_;R;T
L;O;_;I;N;C;_;W;D;R;A;W;_;4;Y;R;_;T;R;A;N;S;_;Y;R;6;_;R;T
L;O;_;I;N;C;_;W;D;R;A;W;_;2;Y;R;_;T;R;A;N;S;_;Y;R;6;_;R;T
L;O;_;I;N;C;_;E;N;R;L;_;O;R;I;G;_;Y;R;6;_;R;T
L;O;_;I;N;C;_;E;N;R;L;_;4;Y;R;_;T;R;A;N;S;_;Y;R;6;_;R;T
L;O;_;I;N;C;_;E;N;R;L;_;2;Y;R;_;T;R;A;N;S;_;Y;R;6;_;R;T
L;O;_;I;N;C;_;U;N;K;N;_;O;R;I;G;_;Y;R;6;_;R;T
L;O;_;I;N;C;_;U;N;K;N;_;4;Y;R;_;T;R;A;N;S;_;Y;R;6;_;R;T
L;O;_;I;N;C;_;U;N;K;N;_;2;Y;R;_;T;R;A;N;S;_;Y;R;6;_;R;T
M;D;_;I;N;C;_;D;E;A;T;H;_;Y;R;6;_;R;T
M;D;_;I;N;C;_;C;O;M;P;_;O;R;I;G;_;Y;R;6;_;R;T
M;D;_;I;N;C;_;C;O;M;P;_;4;Y;R;_;T;R;A;N;S;_;Y;R;6;_;R;T
M;D;_;I;N;C;_;C;O;M;P;_;2;Y;R;_;T;R;A;N;S;_;Y;R;6;_;R;T
M;D;_;I;N;C;_;W;D;R;A;W;_;O;R;I;G;_;Y;R;6;_;R;T
M;D;_;I;N;C;_;W;D;R;A;W;_;4;Y;R;_;T;R;A;N;S;_;Y;R;6;_;R;T
M;D;_;I;N;C;_;W;D;R;A;W;_;2;Y;R;_;T;R;A;N;S;_;Y;R;6;_;R;T
M;D;_;I;N;C;_;E;N;R;L;_;O;R;I;G;_;Y;R;6;_;R;T
M;D;_;I;N;C;_;E;N;R;L;_;4;Y;R;_;T;R;A;N;S;_;Y;R;6;_;R;T
M;D;_;I;N;C;_;E;N;R;L;_;2;Y;R;_;T;R;A;N;S;_;Y;R;6;_;R;T
M;D;_;I;N;C;_;U;N;K;N;_;O;R;I;G;_;Y;R;6;_;R;T
M;D;_;I;N;C;_;U;N;K;N;_;4;Y;R;_;T;R;A;N;S;_;Y;R;6;_;R;T
M;D;_;I;N;C;_;U;N;K;N;_;2;Y;R;_;T;R;A;N;S;_;Y;R;6;_;R;T
H;I;_;I;N;C;_;D;E;A;T;H;_;Y;R;6;_;R;T
H;I;_;I;N;C;_;C;O;M;P;_;O;R;I;G;_;Y;R;6;_;R;T
H;I;_;I;N;C;_;C;O;M;P;_;4;Y;R;_;T;R;A;N;S;_;Y;R;6;_;R;T
H;I;_;I;N;C;_;C;O;M;P;_;2;Y;R;_;T;R;A;N;S;_;Y;R;6;_;R;T
H;I;_;I;N;C;_;W;D;R;A;W;_;O;R;I;G;_;Y;R;6;_;R;T
H;I;_;I;N;C;_;W;D;R;A;W;_;4;Y;R;_;T;R;A;N;S;_;Y;R;6;_;R;T
H;I;_;I;N;C;_;W;D;R;A;W;_;2;Y;R;_;T;R;A;N;S;_;Y;R;6;_;R;T
H;I;_;I;N;C;_;E;N;R;L;_;O;R;I;G;_;Y;R;6;_;R;T
H;I;_;I;N;C;_;E;N;R;L;_;4;Y;R;_;T;R;A;N;S;_;Y;R;6;_;R;T
H;I;_;I;N;C;_;E;N;R;L;_;2;Y;R;_;T;R;A;N;S;_;Y;R;6;_;R;T
H;I;_;I;N;C;_;U;N;K;N;_;O;R;I;G;_;Y;R;6;_;R;T
H;I;_;I;N;C;_;U;N;K;N;_;4;Y;R;_;T;R;A;N;S;_;Y;R;6;_;R;T
H;I;_;I;N;C;_;U;N;K;N;_;2;Y;R;_;T;R;A;N;S;_;Y;R;6;_;R;T
D;E;P;_;D;E;A;T;H;_;Y;R;6;_;R;T
D;E;P;_;C;O;M;P;_;O;R;I;G;_;Y;R;6;_;R;T
D;E;P;_;C;O;M;P;_;4;Y;R;_;T;R;A;N;S;_;Y;R;6;_;R;T
D;E;P;_;C;O;M;P;_;2;Y;R;_;T;R;A;N;S;_;Y;R;6;_;R;T
D;E;P;_;W;D;R;A;W;_;O;R;I;G;_;Y;R;6;_;R;T
D;E;P;_;W;D;R;A;W;_;4;Y;R;_;T;R;A;N;S;_;Y;R;6;_;R;T
D;E;P;_;W;D;R;A;W;_;2;Y;R;_;T;R;A;N;S;_;Y;R;6;_;R;T
D;E;P;_;E;N;R;L;_;O;R;I;G;_;Y;R;6;_;R;T
D;E;P;_;E;N;R;L;_;4;Y;R;_;T;R;A;N;S;_;Y;R;6;_;R;T
D;E;P;_;E;N;R;L;_;2;Y;R;_;T;R;A;N;S;_;Y;R;6;_;R;T
D;E;P;_;U;N;K;N;_;O;R;I;G;_;Y;R;6;_;R;T
D;E;P;_;U;N;K;N;_;4;Y;R;_;T;R;A;N;S;_;Y;R;6;_;R;T
D;E;P;_;U;N;K;N;_;2;Y;R;_;T;R;A;N;S;_;Y;R;6;_;R;T
I;N;D;_;D;E;A;T;H;_;Y;R;6;_;R;T
I;N;D;_;C;O;M;P;_;O;R;I;G;_;Y;R;6;_;R;T
I;N;D;_;C;O;M;P;_;4;Y;R;_;T;R;A;N;S;_;Y;R;6;_;R;T
I;N;D;_;C;O;M;P;_;2;Y;R;_;T;R;A;N;S;_;Y;R;6;_;R;T
I;N;D;_;W;D;R;A;W;_;O;R;I;G;_;Y;R;6;_;R;T
I;N;D;_;W;D;R;A;W;_;4;Y;R;_;T;R;A;N;S;_;Y;R;6;_;R;T
I;N;D;_;W;D;R;A;W;_;2;Y;R;_;T;R;A;N;S;_;Y;R;6;_;R;T
I;N;D;_;E;N;R;L;_;O;R;I;G;_;Y;R;6;_;R;T
I;N;D;_;E;N;R;L;_;4;Y;R;_;T;R;A;N;S;_;Y;R;6;_;R;T
I;N;D;_;E;N;R;L;_;2;Y;R;_;T;R;A;N;S;_;Y;R;6;_;R;T
I;N;D;_;U;N;K;N;_;O;R;I;G;_;Y;R;6;_;R;T
I;N;D;_;U;N;K;N;_;4;Y;R;_;T;R;A;N;S;_;Y;R;6;_;R;T
I;N;D;_;U;N;K;N;_;2;Y;R;_;T;R;A;N;S;_;Y;R;6;_;R;T
F;E;M;A;L;E;_;D;E;A;T;H;_;Y;R;6;_;R;T
F;E;M;A;L;E;_;C;O;M;P;_;O;R;I;G;_;Y;R;6;_;R;T
F;E;M;A;L;E;_;C;O;M;P;_;4;Y;R;_;T;R;A;N;S;_;Y;R;6;_;R;T
F;E;M;A;L;E;_;C;O;M;P;_;2;Y;R;_;T;R;A;N;S;_;Y;R;6;_;R;T
F;E;M;A;L;E;_;W;D;R;A;W;_;O;R;I;G;_;Y;R;6;_;R;T
F;E;M;A;L;E;_;W;D;R;A;W;_;4;Y;R;_;T;R;A;N;S;_;Y;R;6;_;R;T
F;E;M;A;L;E;_;W;D;R;A;W;_;2;Y;R;_;T;R;A;N;S;_;Y;R;6;_;R;T
F;E;M;A;L;E;_;E;N;R;L;_;O;R;I;G;_;Y;R;6;_;R;T
F;E;M;A;L;E;_;E;N;R;L;_;4;Y;R;_;T;R;A;N;S;_;Y;R;6;_;R;T
F;E;M;A;L;E;_;E;N;R;L;_;2;Y;R;_;T;R;A;N;S;_;Y;R;6;_;R;T
F;E;M;A;L;E;_;U;N;K;N;_;O;R;I;G;_;Y;R;6;_;R;T
F;E;M;A;L;E;_;U;N;K;N;_;4;Y;R;_;T;R;A;N;S;_;Y;R;6;_;R;T
F;E;M;A;L;E;_;U;N;K;N;_;2;Y;R;_;T;R;A;N;S;_;Y;R;6;_;R;T
M;A;L;E;_;D;E;A;T;H;_;Y;R;6;_;R;T
M;A;L;E;_;C;O;M;P;_;O;R;I;G;_;Y;R;6;_;R;T
M;A;L;E;_;C;O;M;P;_;4;Y;R;_;T;R;A;N;S;_;Y;R;6;_;R;T
M;A;L;E;_;C;O;M;P;_;2;Y;R;_;T;R;A;N;S;_;Y;R;6;_;R;T
M;A;L;E;_;W;D;R;A;W;_;O;R;I;G;_;Y;R;6;_;R;T
M;A;L;E;_;W;D;R;A;W;_;4;Y;R;_;T;R;A;N;S;_;Y;R;6;_;R;T
M;A;L;E;_;W;D;R;A;W;_;2;Y;R;_;T;R;A;N;S;_;Y;R;6;_;R;T
M;A;L;E;_;E;N;R;L;_;O;R;I;G;_;Y;R;6;_;R;T
M;A;L;E;_;E;N;R;L;_;4;Y;R;_;T;R;A;N;S;_;Y;R;6;_;R;T
M;A;L;E;_;E;N;R;L;_;2;Y;R;_;T;R;A;N;S;_;Y;R;6;_;R;T
M;A;L;E;_;U;N;K;N;_;O;R;I;G;_;Y;R;6;_;R;T
M;A;L;E;_;U;N;K;N;_;4;Y;R;_;T;R;A;N;S;_;Y;R;6;_;R;T
M;A;L;E;_;U;N;K;N;_;2;Y;R;_;T;R;A;N;S;_;Y;R;6;_;R;T
P;E;L;L;_;D;E;A;T;H;_;Y;R;6;_;R;T
P;E;L;L;_;C;O;M;P;_;O;R;I;G;_;Y;R;6;_;R;T
P;E;L;L;_;C;O;M;P;_;4;Y;R;_;T;R;A;N;S;_;Y;R;6;_;R;T
P;E;L;L;_;C;O;M;P;_;2;Y;R;_;T;R;A;N;S;_;Y;R;6;_;R;T
P;E;L;L;_;W;D;R;A;W;_;O;R;I;G;_;Y;R;6;_;R;T
P;E;L;L;_;W;D;R;A;W;_;4;Y;R;_;T;R;A;N;S;_;Y;R;6;_;R;T
P;E;L;L;_;W;D;R;A;W;_;2;Y;R;_;T;R;A;N;S;_;Y;R;6;_;R;T
P;E;L;L;_;E;N;R;L;_;O;R;I;G;_;Y;R;6;_;R;T
P;E;L;L;_;E;N;R;L;_;4;Y;R;_;T;R;A;N;S;_;Y;R;6;_;R;T
P;E;L;L;_;E;N;R;L;_;2;Y;R;_;T;R;A;N;S;_;Y;R;6;_;R;T
P;E;L;L;_;U;N;K;N;_;O;R;I;G;_;Y;R;6;_;R;T
P;E;L;L;_;U;N;K;N;_;4;Y;R;_;T;R;A;N;S;_;Y;R;6;_;R;T
P;E;L;L;_;U;N;K;N;_;2;Y;R;_;T;R;A;N;S;_;Y;R;6;_;R;T
N;O;P;E;L;L;_;D;E;A;T;H;_;Y;R;6;_;R;T
N;O;P;E;L;L;_;C;O;M;P;_;O;R;I;G;_;Y;R;6;_;R;T
N;O;P;E;L;L;_;C;O;M;P;_;4;Y;R;_;T;R;A;N;S;_;Y;R;6;_;R;T
N;O;P;E;L;L;_;C;O;M;P;_;2;Y;R;_;T;R;A;N;S;_;Y;R;6;_;R;T
N;O;P;E;L;L;_;W;D;R;A;W;_;O;R;I;G;_;Y;R;6;_;R;T
N;O;P;E;L;L;_;W;D;R;A;W;_;4;Y;R;_;T;R;A;N;S;_;Y;R;6;_;R;T
N;O;P;E;L;L;_;W;D;R;A;W;_;2;Y;R;_;T;R;A;N;S;_;Y;R;6;_;R;T
N;O;P;E;L;L;_;E;N;R;L;_;O;R;I;G;_;Y;R;6;_;R;T
N;O;P;E;L;L;_;E;N;R;L;_;4;Y;R;_;T;R;A;N;S;_;Y;R;6;_;R;T
N;O;P;E;L;L;_;E;N;R;L;_;2;Y;R;_;T;R;A;N;S;_;Y;R;6;_;R;T
N;O;P;E;L;L;_;U;N;K;N;_;O;R;I;G;_;Y;R;6;_;R;T
N;O;P;E;L;L;_;U;N;K;N;_;4;Y;R;_;T;R;A;N;S;_;Y;R;6;_;R;T
N;O;P;E;L;L;_;U;N;K;N;_;2;Y;R;_;T;R;A;N;S;_;Y;R;6;_;R;T
L;O;A;N;_;D;E;A;T;H;_;Y;R;6;_;R;T
L;O;A;N;_;C;O;M;P;_;O;R;I;G;_;Y;R;6;_;R;T
L;O;A;N;_;C;O;M;P;_;4;Y;R;_;T;R;A;N;S;_;Y;R;6;_;R;T
L;O;A;N;_;C;O;M;P;_;2;Y;R;_;T;R;A;N;S;_;Y;R;6;_;R;T
L;O;A;N;_;W;D;R;A;W;_;O;R;I;G;_;Y;R;6;_;R;T
L;O;A;N;_;W;D;R;A;W;_;4;Y;R;_;T;R;A;N;S;_;Y;R;6;_;R;T
L;O;A;N;_;W;D;R;A;W;_;2;Y;R;_;T;R;A;N;S;_;Y;R;6;_;R;T
L;O;A;N;_;E;N;R;L;_;O;R;I;G;_;Y;R;6;_;R;T
L;O;A;N;_;E;N;R;L;_;4;Y;R;_;T;R;A;N;S;_;Y;R;6;_;R;T
L;O;A;N;_;E;N;R;L;_;2;Y;R;_;T;R;A;N;S;_;Y;R;6;_;R;T
L;O;A;N;_;U;N;K;N;_;O;R;I;G;_;Y;R;6;_;R;T
L;O;A;N;_;U;N;K;N;_;4;Y;R;_;T;R;A;N;S;_;Y;R;6;_;R;T
L;O;A;N;_;U;N;K;N;_;2;Y;R;_;T;R;A;N;S;_;Y;R;6;_;R;T
N;O;L;O;A;N;_;D;E;A;T;H;_;Y;R;6;_;R;T
N;O;L;O;A;N;_;C;O;M;P;_;O;R;I;G;_;Y;R;6;_;R;T
N;O;L;O;A;N;_;C;O;M;P;_;4;Y;R;_;T;R;A;N;S;_;Y;R;6;_;R;T
N;O;L;O;A;N;_;C;O;M;P;_;2;Y;R;_;T;R;A;N;S;_;Y;R;6;_;R;T
N;O;L;O;A;N;_;W;D;R;A;W;_;O;R;I;G;_;Y;R;6;_;R;T
N;O;L;O;A;N;_;W;D;R;A;W;_;4;Y;R;_;T;R;A;N;S;_;Y;R;6;_;R;T
N;O;L;O;A;N;_;W;D;R;A;W;_;2;Y;R;_;T;R;A;N;S;_;Y;R;6;_;R;T
N;O;L;O;A;N;_;E;N;R;L;_;O;R;I;G;_;Y;R;6;_;R;T
N;O;L;O;A;N;_;E;N;R;L;_;4;Y;R;_;T;R;A;N;S;_;Y;R;6;_;R;T
N;O;L;O;A;N;_;E;N;R;L;_;2;Y;R;_;T;R;A;N;S;_;Y;R;6;_;R;T
N;O;L;O;A;N;_;U;N;K;N;_;O;R;I;G;_;Y;R;6;_;R;T
N;O;L;O;A;N;_;U;N;K;N;_;4;Y;R;_;T;R;A;N;S;_;Y;R;6;_;R;T
N;O;L;O;A;N;_;U;N;K;N;_;2;Y;R;_;T;R;A;N;S;_;Y;R;6;_;R;T
F;I;R;S;T;G;E;N;_;D;E;A;T;H;_;Y;R;6;_;R;T
F;I;R;S;T;G;E;N;_;C;O;M;P;_;O;R;I;G;_;Y;R;6;_;R;T
F;I;R;S;T;G;E;N;_;C;O;M;P;_;4;Y;R;_;T;R;A;N;S;_;Y;R;6;_;R;T
F;I;R;S;T;G;E;N;_;C;O;M;P;_;2;Y;R;_;T;R;A;N;S;_;Y;R;6;_;R;T
F;I;R;S;T;G;E;N;_;W;D;R;A;W;_;O;R;I;G;_;Y;R;6;_;R;T
F;I;R;S;T;G;E;N;_;W;D;R;A;W;_;4;Y;R;_;T;R;A;N;S;_;Y;R;6;_;R;T
F;I;R;S;T;G;E;N;_;W;D;R;A;W;_;2;Y;R;_;T;R;A;N;S;_;Y;R;6;_;R;T
F;I;R;S;T;G;E;N;_;E;N;R;L;_;O;R;I;G;_;Y;R;6;_;R;T
F;I;R;S;T;G;E;N;_;E;N;R;L;_;4;Y;R;_;T;R;A;N;S;_;Y;R;6;_;R;T
F;I;R;S;T;G;E;N;_;E;N;R;L;_;2;Y;R;_;T;R;A;N;S;_;Y;R;6;_;R;T
F;I;R;S;T;G;E;N;_;U;N;K;N;_;O;R;I;G;_;Y;R;6;_;R;T
F;I;R;S;T;G;E;N;_;U;N;K;N;_;4;Y;R;_;T;R;A;N;S;_;Y;R;6;_;R;T
F;I;R;S;T;G;E;N;_;U;N;K;N;_;2;Y;R;_;T;R;A;N;S;_;Y;R;6;_;R;T
N;O;T;1;S;T;G;E;N;_;D;E;A;T;H;_;Y;R;6;_;R;T
N;O;T;1;S;T;G;E;N;_;C;O;M;P;_;O;R;I;G;_;Y;R;6;_;R;T
N;O;T;1;S;T;G;E;N;_;C;O;M;P;_;4;Y;R;_;T;R;A;N;S;_;Y;R;6;_;R;T
N;O;T;1;S;T;G;E;N;_;C;O;M;P;_;2;Y;R;_;T;R;A;N;S;_;Y;R;6;_;R;T
N;O;T;1;S;T;G;E;N;_;W;D;R;A;W;_;O;R;I;G;_;Y;R;6;_;R;T
N;O;T;1;S;T;G;E;N;_;W;D;R;A;W;_;4;Y;R;_;T;R;A;N;S;_;Y;R;6;_;R;T
N;O;T;1;S;T;G;E;N;_;W;D;R;A;W;_;2;Y;R;_;T;R;A;N;S;_;Y;R;6;_;R;T
N;O;T;1;S;T;G;E;N;_;E;N;R;L;_;O;R;I;G;_;Y;R;6;_;R;T
N;O;T;1;S;T;G;E;N;_;E;N;R;L;_;4;Y;R;_;T;R;A;N;S;_;Y;R;6;_;R;T
N;O;T;1;S;T;G;E;N;_;E;N;R;L;_;2;Y;R;_;T;R;A;N;S;_;Y;R;6;_;R;T
N;O;T;1;S;T;G;E;N;_;U;N;K;N;_;O;R;I;G;_;Y;R;6;_;R;T
N;O;T;1;S;T;G;E;N;_;U;N;K;N;_;4;Y;R;_;T;R;A;N;S;_;Y;R;6;_;R;T
N;O;T;1;S;T;G;E;N;_;U;N;K;N;_;2;Y;R;_;T;R;A;N;S;_;Y;R;6;_;R;T
D;E;A;T;H;_;Y;R;8;_;R;T
C;O;M;P;_;O;R;I;G;_;Y;R;8;_;R;T
C;O;M;P;_;4;Y;R;_;T;R;A;N;S;_;Y;R;8;_;R;T
C;O;M;P;_;2;Y;R;_;T;R;A;N;S;_;Y;R;8;_;R;T
W;D;R;A;W;_;O;R;I;G;_;Y;R;8;_;R;T
W;D;R;A;W;_;4;Y;R;_;T;R;A;N;S;_;Y;R;8;_;R;T
W;D;R;A;W;_;2;Y;R;_;T;R;A;N;S;_;Y;R;8;_;R;T
E;N;R;L;_;O;R;I;G;_;Y;R;8;_;R;T
E;N;R;L;_;4;Y;R;_;T;R;A;N;S;_;Y;R;8;_;R;T
E;N;R;L;_;2;Y;R;_;T;R;A;N;S;_;Y;R;8;_;R;T
U;N;K;N;_;O;R;I;G;_;Y;R;8;_;R;T
U;N;K;N;_;4;Y;R;_;T;R;A;N;S;_;Y;R;8;_;R;T
U;N;K;N;_;2;Y;R;_;T;R;A;N;S;_;Y;R;8;_;R;T
L;O;_;I;N;C;_;D;E;A;T;H;_;Y;R;8;_;R;T
L;O;_;I;N;C;_;C;O;M;P;_;O;R;I;G;_;Y;R;8;_;R;T
L;O;_;I;N;C;_;C;O;M;P;_;4;Y;R;_;T;R;A;N;S;_;Y;R;8;_;R;T
L;O;_;I;N;C;_;C;O;M;P;_;2;Y;R;_;T;R;A;N;S;_;Y;R;8;_;R;T
L;O;_;I;N;C;_;W;D;R;A;W;_;O;R;I;G;_;Y;R;8;_;R;T
L;O;_;I;N;C;_;W;D;R;A;W;_;4;Y;R;_;T;R;A;N;S;_;Y;R;8;_;R;T
L;O;_;I;N;C;_;W;D;R;A;W;_;2;Y;R;_;T;R;A;N;S;_;Y;R;8;_;R;T
L;O;_;I;N;C;_;E;N;R;L;_;O;R;I;G;_;Y;R;8;_;R;T
L;O;_;I;N;C;_;E;N;R;L;_;4;Y;R;_;T;R;A;N;S;_;Y;R;8;_;R;T
L;O;_;I;N;C;_;E;N;R;L;_;2;Y;R;_;T;R;A;N;S;_;Y;R;8;_;R;T
L;O;_;I;N;C;_;U;N;K;N;_;O;R;I;G;_;Y;R;8;_;R;T
L;O;_;I;N;C;_;U;N;K;N;_;4;Y;R;_;T;R;A;N;S;_;Y;R;8;_;R;T
L;O;_;I;N;C;_;U;N;K;N;_;2;Y;R;_;T;R;A;N;S;_;Y;R;8;_;R;T
M;D;_;I;N;C;_;D;E;A;T;H;_;Y;R;8;_;R;T
M;D;_;I;N;C;_;C;O;M;P;_;O;R;I;G;_;Y;R;8;_;R;T
M;D;_;I;N;C;_;C;O;M;P;_;4;Y;R;_;T;R;A;N;S;_;Y;R;8;_;R;T
M;D;_;I;N;C;_;C;O;M;P;_;2;Y;R;_;T;R;A;N;S;_;Y;R;8;_;R;T
M;D;_;I;N;C;_;W;D;R;A;W;_;O;R;I;G;_;Y;R;8;_;R;T
M;D;_;I;N;C;_;W;D;R;A;W;_;4;Y;R;_;T;R;A;N;S;_;Y;R;8;_;R;T
M;D;_;I;N;C;_;W;D;R;A;W;_;2;Y;R;_;T;R;A;N;S;_;Y;R;8;_;R;T
M;D;_;I;N;C;_;E;N;R;L;_;O;R;I;G;_;Y;R;8;_;R;T
M;D;_;I;N;C;_;E;N;R;L;_;4;Y;R;_;T;R;A;N;S;_;Y;R;8;_;R;T
M;D;_;I;N;C;_;E;N;R;L;_;2;Y;R;_;T;R;A;N;S;_;Y;R;8;_;R;T
M;D;_;I;N;C;_;U;N;K;N;_;O;R;I;G;_;Y;R;8;_;R;T
M;D;_;I;N;C;_;U;N;K;N;_;4;Y;R;_;T;R;A;N;S;_;Y;R;8;_;R;T
M;D;_;I;N;C;_;U;N;K;N;_;2;Y;R;_;T;R;A;N;S;_;Y;R;8;_;R;T
H;I;_;I;N;C;_;D;E;A;T;H;_;Y;R;8;_;R;T
H;I;_;I;N;C;_;C;O;M;P;_;O;R;I;G;_;Y;R;8;_;R;T
H;I;_;I;N;C;_;C;O;M;P;_;4;Y;R;_;T;R;A;N;S;_;Y;R;8;_;R;T
H;I;_;I;N;C;_;C;O;M;P;_;2;Y;R;_;T;R;A;N;S;_;Y;R;8;_;R;T
H;I;_;I;N;C;_;W;D;R;A;W;_;O;R;I;G;_;Y;R;8;_;R;T
H;I;_;I;N;C;_;W;D;R;A;W;_;4;Y;R;_;T;R;A;N;S;_;Y;R;8;_;R;T
H;I;_;I;N;C;_;W;D;R;A;W;_;2;Y;R;_;T;R;A;N;S;_;Y;R;8;_;R;T
H;I;_;I;N;C;_;E;N;R;L;_;O;R;I;G;_;Y;R;8;_;R;T
H;I;_;I;N;C;_;E;N;R;L;_;4;Y;R;_;T;R;A;N;S;_;Y;R;8;_;R;T
H;I;_;I;N;C;_;E;N;R;L;_;2;Y;R;_;T;R;A;N;S;_;Y;R;8;_;R;T
H;I;_;I;N;C;_;U;N;K;N;_;O;R;I;G;_;Y;R;8;_;R;T
H;I;_;I;N;C;_;U;N;K;N;_;4;Y;R;_;T;R;A;N;S;_;Y;R;8;_;R;T
H;I;_;I;N;C;_;U;N;K;N;_;2;Y;R;_;T;R;A;N;S;_;Y;R;8;_;R;T
D;E;P;_;D;E;A;T;H;_;Y;R;8;_;R;T
D;E;P;_;C;O;M;P;_;O;R;I;G;_;Y;R;8;_;R;T
D;E;P;_;C;O;M;P;_;4;Y;R;_;T;R;A;N;S;_;Y;R;8;_;R;T
D;E;P;_;C;O;M;P;_;2;Y;R;_;T;R;A;N;S;_;Y;R;8;_;R;T
D;E;P;_;W;D;R;A;W;_;O;R;I;G;_;Y;R;8;_;R;T
D;E;P;_;W;D;R;A;W;_;4;Y;R;_;T;R;A;N;S;_;Y;R;8;_;R;T
D;E;P;_;W;D;R;A;W;_;2;Y;R;_;T;R;A;N;S;_;Y;R;8;_;R;T
D;E;P;_;E;N;R;L;_;O;R;I;G;_;Y;R;8;_;R;T
D;E;P;_;E;N;R;L;_;4;Y;R;_;T;R;A;N;S;_;Y;R;8;_;R;T
D;E;P;_;E;N;R;L;_;2;Y;R;_;T;R;A;N;S;_;Y;R;8;_;R;T
D;E;P;_;U;N;K;N;_;O;R;I;G;_;Y;R;8;_;R;T
D;E;P;_;U;N;K;N;_;4;Y;R;_;T;R;A;N;S;_;Y;R;8;_;R;T
D;E;P;_;U;N;K;N;_;2;Y;R;_;T;R;A;N;S;_;Y;R;8;_;R;T
I;N;D;_;D;E;A;T;H;_;Y;R;8;_;R;T
I;N;D;_;C;O;M;P;_;O;R;I;G;_;Y;R;8;_;R;T
I;N;D;_;C;O;M;P;_;4;Y;R;_;T;R;A;N;S;_;Y;R;8;_;R;T
I;N;D;_;C;O;M;P;_;2;Y;R;_;T;R;A;N;S;_;Y;R;8;_;R;T
I;N;D;_;W;D;R;A;W;_;O;R;I;G;_;Y;R;8;_;R;T
I;N;D;_;W;D;R;A;W;_;4;Y;R;_;T;R;A;N;S;_;Y;R;8;_;R;T
I;N;D;_;W;D;R;A;W;_;2;Y;R;_;T;R;A;N;S;_;Y;R;8;_;R;T
I;N;D;_;E;N;R;L;_;O;R;I;G;_;Y;R;8;_;R;T
I;N;D;_;E;N;R;L;_;4;Y;R;_;T;R;A;N;S;_;Y;R;8;_;R;T
I;N;D;_;E;N;R;L;_;2;Y;R;_;T;R;A;N;S;_;Y;R;8;_;R;T
I;N;D;_;U;N;K;N;_;O;R;I;G;_;Y;R;8;_;R;T
I;N;D;_;U;N;K;N;_;4;Y;R;_;T;R;A;N;S;_;Y;R;8;_;R;T
I;N;D;_;U;N;K;N;_;2;Y;R;_;T;R;A;N;S;_;Y;R;8;_;R;T
F;E;M;A;L;E;_;D;E;A;T;H;_;Y;R;8;_;R;T
F;E;M;A;L;E;_;C;O;M;P;_;O;R;I;G;_;Y;R;8;_;R;T
F;E;M;A;L;E;_;C;O;M;P;_;4;Y;R;_;T;R;A;N;S;_;Y;R;8;_;R;T
F;E;M;A;L;E;_;C;O;M;P;_;2;Y;R;_;T;R;A;N;S;_;Y;R;8;_;R;T
F;E;M;A;L;E;_;W;D;R;A;W;_;O;R;I;G;_;Y;R;8;_;R;T
F;E;M;A;L;E;_;W;D;R;A;W;_;4;Y;R;_;T;R;A;N;S;_;Y;R;8;_;R;T
F;E;M;A;L;E;_;W;D;R;A;W;_;2;Y;R;_;T;R;A;N;S;_;Y;R;8;_;R;T
F;E;M;A;L;E;_;E;N;R;L;_;O;R;I;G;_;Y;R;8;_;R;T
F;E;M;A;L;E;_;E;N;R;L;_;4;Y;R;_;T;R;A;N;S;_;Y;R;8;_;R;T
F;E;M;A;L;E;_;E;N;R;L;_;2;Y;R;_;T;R;A;N;S;_;Y;R;8;_;R;T
F;E;M;A;L;E;_;U;N;K;N;_;O;R;I;G;_;Y;R;8;_;R;T
F;E;M;A;L;E;_;U;N;K;N;_;4;Y;R;_;T;R;A;N;S;_;Y;R;8;_;R;T
F;E;M;A;L;E;_;U;N;K;N;_;2;Y;R;_;T;R;A;N;S;_;Y;R;8;_;R;T
M;A;L;E;_;D;E;A;T;H;_;Y;R;8;_;R;T
M;A;L;E;_;C;O;M;P;_;O;R;I;G;_;Y;R;8;_;R;T
M;A;L;E;_;C;O;M;P;_;4;Y;R;_;T;R;A;N;S;_;Y;R;8;_;R;T
M;A;L;E;_;C;O;M;P;_;2;Y;R;_;T;R;A;N;S;_;Y;R;8;_;R;T
M;A;L;E;_;W;D;R;A;W;_;O;R;I;G;_;Y;R;8;_;R;T
M;A;L;E;_;W;D;R;A;W;_;4;Y;R;_;T;R;A;N;S;_;Y;R;8;_;R;T
M;A;L;E;_;W;D;R;A;W;_;2;Y;R;_;T;R;A;N;S;_;Y;R;8;_;R;T
M;A;L;E;_;E;N;R;L;_;O;R;I;G;_;Y;R;8;_;R;T
M;A;L;E;_;E;N;R;L;_;4;Y;R;_;T;R;A;N;S;_;Y;R;8;_;R;T
M;A;L;E;_;E;N;R;L;_;2;Y;R;_;T;R;A;N;S;_;Y;R;8;_;R;T
M;A;L;E;_;U;N;K;N;_;O;R;I;G;_;Y;R;8;_;R;T
M;A;L;E;_;U;N;K;N;_;4;Y;R;_;T;R;A;N;S;_;Y;R;8;_;R;T
M;A;L;E;_;U;N;K;N;_;2;Y;R;_;T;R;A;N;S;_;Y;R;8;_;R;T
P;E;L;L;_;D;E;A;T;H;_;Y;R;8;_;R;T
P;E;L;L;_;C;O;M;P;_;O;R;I;G;_;Y;R;8;_;R;T
P;E;L;L;_;C;O;M;P;_;4;Y;R;_;T;R;A;N;S;_;Y;R;8;_;R;T
P;E;L;L;_;C;O;M;P;_;2;Y;R;_;T;R;A;N;S;_;Y;R;8;_;R;T
P;E;L;L;_;W;D;R;A;W;_;O;R;I;G;_;Y;R;8;_;R;T
P;E;L;L;_;W;D;R;A;W;_;4;Y;R;_;T;R;A;N;S;_;Y;R;8;_;R;T
P;E;L;L;_;W;D;R;A;W;_;2;Y;R;_;T;R;A;N;S;_;Y;R;8;_;R;T
P;E;L;L;_;E;N;R;L;_;O;R;I;G;_;Y;R;8;_;R;T
P;E;L;L;_;E;N;R;L;_;4;Y;R;_;T;R;A;N;S;_;Y;R;8;_;R;T
P;E;L;L;_;E;N;R;L;_;2;Y;R;_;T;R;A;N;S;_;Y;R;8;_;R;T
P;E;L;L;_;U;N;K;N;_;O;R;I;G;_;Y;R;8;_;R;T
P;E;L;L;_;U;N;K;N;_;4;Y;R;_;T;R;A;N;S;_;Y;R;8;_;R;T
P;E;L;L;_;U;N;K;N;_;2;Y;R;_;T;R;A;N;S;_;Y;R;8;_;R;T
N;O;P;E;L;L;_;D;E;A;T;H;_;Y;R;8;_;R;T
N;O;P;E;L;L;_;C;O;M;P;_;O;R;I;G;_;Y;R;8;_;R;T
N;O;P;E;L;L;_;C;O;M;P;_;4;Y;R;_;T;R;A;N;S;_;Y;R;8;_;R;T
N;O;P;E;L;L;_;C;O;M;P;_;2;Y;R;_;T;R;A;N;S;_;Y;R;8;_;R;T
N;O;P;E;L;L;_;W;D;R;A;W;_;O;R;I;G;_;Y;R;8;_;R;T
N;O;P;E;L;L;_;W;D;R;A;W;_;4;Y;R;_;T;R;A;N;S;_;Y;R;8;_;R;T
N;O;P;E;L;L;_;W;D;R;A;W;_;2;Y;R;_;T;R;A;N;S;_;Y;R;8;_;R;T
N;O;P;E;L;L;_;E;N;R;L;_;O;R;I;G;_;Y;R;8;_;R;T
N;O;P;E;L;L;_;E;N;R;L;_;4;Y;R;_;T;R;A;N;S;_;Y;R;8;_;R;T
N;O;P;E;L;L;_;E;N;R;L;_;2;Y;R;_;T;R;A;N;S;_;Y;R;8;_;R;T
N;O;P;E;L;L;_;U;N;K;N;_;O;R;I;G;_;Y;R;8;_;R;T
N;O;P;E;L;L;_;U;N;K;N;_;4;Y;R;_;T;R;A;N;S;_;Y;R;8;_;R;T
N;O;P;E;L;L;_;U;N;K;N;_;2;Y;R;_;T;R;A;N;S;_;Y;R;8;_;R;T
L;O;A;N;_;D;E;A;T;H;_;Y;R;8;_;R;T
L;O;A;N;_;C;O;M;P;_;O;R;I;G;_;Y;R;8;_;R;T
L;O;A;N;_;C;O;M;P;_;4;Y;R;_;T;R;A;N;S;_;Y;R;8;_;R;T
L;O;A;N;_;C;O;M;P;_;2;Y;R;_;T;R;A;N;S;_;Y;R;8;_;R;T
L;O;A;N;_;W;D;R;A;W;_;O;R;I;G;_;Y;R;8;_;R;T
L;O;A;N;_;W;D;R;A;W;_;4;Y;R;_;T;R;A;N;S;_;Y;R;8;_;R;T
L;O;A;N;_;W;D;R;A;W;_;2;Y;R;_;T;R;A;N;S;_;Y;R;8;_;R;T
L;O;A;N;_;E;N;R;L;_;O;R;I;G;_;Y;R;8;_;R;T
L;O;A;N;_;E;N;R;L;_;4;Y;R;_;T;R;A;N;S;_;Y;R;8;_;R;T
L;O;A;N;_;E;N;R;L;_;2;Y;R;_;T;R;A;N;S;_;Y;R;8;_;R;T
L;O;A;N;_;U;N;K;N;_;O;R;I;G;_;Y;R;8;_;R;T
L;O;A;N;_;U;N;K;N;_;4;Y;R;_;T;R;A;N;S;_;Y;R;8;_;R;T
L;O;A;N;_;U;N;K;N;_;2;Y;R;_;T;R;A;N;S;_;Y;R;8;_;R;T
N;O;L;O;A;N;_;D;E;A;T;H;_;Y;R;8;_;R;T
N;O;L;O;A;N;_;C;O;M;P;_;O;R;I;G;_;Y;R;8;_;R;T
N;O;L;O;A;N;_;C;O;M;P;_;4;Y;R;_;T;R;A;N;S;_;Y;R;8;_;R;T
N;O;L;O;A;N;_;C;O;M;P;_;2;Y;R;_;T;R;A;N;S;_;Y;R;8;_;R;T
N;O;L;O;A;N;_;W;D;R;A;W;_;O;R;I;G;_;Y;R;8;_;R;T
N;O;L;O;A;N;_;W;D;R;A;W;_;4;Y;R;_;T;R;A;N;S;_;Y;R;8;_;R;T
N;O;L;O;A;N;_;W;D;R;A;W;_;2;Y;R;_;T;R;A;N;S;_;Y;R;8;_;R;T
N;O;L;O;A;N;_;E;N;R;L;_;O;R;I;G;_;Y;R;8;_;R;T
N;O;L;O;A;N;_;E;N;R;L;_;4;Y;R;_;T;R;A;N;S;_;Y;R;8;_;R;T
N;O;L;O;A;N;_;E;N;R;L;_;2;Y;R;_;T;R;A;N;S;_;Y;R;8;_;R;T
N;O;L;O;A;N;_;U;N;K;N;_;O;R;I;G;_;Y;R;8;_;R;T
N;O;L;O;A;N;_;U;N;K;N;_;4;Y;R;_;T;R;A;N;S;_;Y;R;8;_;R;T
N;O;L;O;A;N;_;U;N;K;N;_;2;Y;R;_;T;R;A;N;S;_;Y;R;8;_;R;T
F;I;R;S;T;G;E;N;_;D;E;A;T;H;_;Y;R;8;_;R;T
F;I;R;S;T;G;E;N;_;C;O;M;P;_;O;R;I;G;_;Y;R;8;_;R;T
F;I;R;S;T;G;E;N;_;C;O;M;P;_;4;Y;R;_;T;R;A;N;S;_;Y;R;8;_;R;T
F;I;R;S;T;G;E;N;_;C;O;M;P;_;2;Y;R;_;T;R;A;N;S;_;Y;R;8;_;R;T
F;I;R;S;T;G;E;N;_;W;D;R;A;W;_;O;R;I;G;_;Y;R;8;_;R;T
F;I;R;S;T;G;E;N;_;W;D;R;A;W;_;4;Y;R;_;T;R;A;N;S;_;Y;R;8;_;R;T
F;I;R;S;T;G;E;N;_;W;D;R;A;W;_;2;Y;R;_;T;R;A;N;S;_;Y;R;8;_;R;T
F;I;R;S;T;G;E;N;_;E;N;R;L;_;O;R;I;G;_;Y;R;8;_;R;T
F;I;R;S;T;G;E;N;_;E;N;R;L;_;4;Y;R;_;T;R;A;N;S;_;Y;R;8;_;R;T
F;I;R;S;T;G;E;N;_;E;N;R;L;_;2;Y;R;_;T;R;A;N;S;_;Y;R;8;_;R;T
F;I;R;S;T;G;E;N;_;U;N;K;N;_;O;R;I;G;_;Y;R;8;_;R;T
F;I;R;S;T;G;E;N;_;U;N;K;N;_;4;Y;R;_;T;R;A;N;S;_;Y;R;8;_;R;T
F;I;R;S;T;G;E;N;_;U;N;K;N;_;2;Y;R;_;T;R;A;N;S;_;Y;R;8;_;R;T
N;O;T;1;S;T;G;E;N;_;D;E;A;T;H;_;Y;R;8;_;R;T
N;O;T;1;S;T;G;E;N;_;C;O;M;P;_;O;R;I;G;_;Y;R;8;_;R;T
N;O;T;1;S;T;G;E;N;_;C;O;M;P;_;4;Y;R;_;T;R;A;N;S;_;Y;R;8;_;R;T
N;O;T;1;S;T;G;E;N;_;C;O;M;P;_;2;Y;R;_;T;R;A;N;S;_;Y;R;8;_;R;T
N;O;T;1;S;T;G;E;N;_;W;D;R;A;W;_;O;R;I;G;_;Y;R;8;_;R;T
N;O;T;1;S;T;G;E;N;_;W;D;R;A;W;_;4;Y;R;_;T;R;A;N;S;_;Y;R;8;_;R;T
N;O;T;1;S;T;G;E;N;_;W;D;R;A;W;_;2;Y;R;_;T;R;A;N;S;_;Y;R;8;_;R;T
N;O;T;1;S;T;G;E;N;_;E;N;R;L;_;O;R;I;G;_;Y;R;8;_;R;T
N;O;T;1;S;T;G;E;N;_;E;N;R;L;_;4;Y;R;_;T;R;A;N;S;_;Y;R;8;_;R;T
N;O;T;1;S;T;G;E;N;_;E;N;R;L;_;2;Y;R;_;T;R;A;N;S;_;Y;R;8;_;R;T
N;O;T;1;S;T;G;E;N;_;U;N;K;N;_;O;R;I;G;_;Y;R;8;_;R;T
N;O;T;1;S;T;G;E;N;_;U;N;K;N;_;4;Y;R;_;T;R;A;N;S;_;Y;R;8;_;R;T
N;O;T;1;S;T;G;E;N;_;U;N;K;N;_;2;Y;R;_;T;R;A;N;S;_;Y;R;8;_;R;T
R;P;Y;_;1;Y;R;_;R;T
C;O;M;P;L;_;R;P;Y;_;1;Y;R;_;R;T
N;O;N;C;O;M;_;R;P;Y;_;1;Y;R;_;R;T
L;O;_;I;N;C;_;R;P;Y;_;1;Y;R;_;R;T
M;D;_;I;N;C;_;R;P;Y;_;1;Y;R;_;R;T
H;I;_;I;N;C;_;R;P;Y;_;1;Y;R;_;R;T
D;E;P;_;R;P;Y;_;1;Y;R;_;R;T
I;N;D;_;R;P;Y;_;1;Y;R;_;R;T
P;E;L;L;_;R;P;Y;_;1;Y;R;_;R;T
N;O;P;E;L;L;_;R;P;Y;_;1;Y;R;_;R;T
F;E;M;A;L;E;_;R;P;Y;_;1;Y;R;_;R;T
M;A;L;E;_;R;P;Y;_;1;Y;R;_;R;T
F;I;R;S;T;G;E;N;_;R;P;Y;_;1;Y;R;_;R;T
N;O;T;F;I;R;S;T;G;E;N;_;R;P;Y;_;1;Y;R;_;R;T
R;P;Y;_;3;Y;R;_;R;T
C;O;M;P;L;_;R;P;Y;_;3;Y;R;_;R;T
N;O;N;C;O;M;_;R;P;Y;_;3;Y;R;_;R;T
L;O;_;I;N;C;_;R;P;Y;_;3;Y;R;_;R;T
M;D;_;I;N;C;_;R;P;Y;_;3;Y;R;_;R;T
H;I;_;I;N;C;_;R;P;Y;_;3;Y;R;_;R;T
D;E;P;_;R;P;Y;_;3;Y;R;_;R;T
I;N;D;_;R;P;Y;_;3;Y;R;_;R;T
P;E;L;L;_;R;P;Y;_;3;Y;R;_;R;T
N;O;P;E;L;L;_;R;P;Y;_;3;Y;R;_;R;T
F;E;M;A;L;E;_;R;P;Y;_;3;Y;R;_;R;T
M;A;L;E;_;R;P;Y;_;3;Y;R;_;R;T
F;I;R;S;T;G;E;N;_;R;P;Y;_;3;Y;R;_;R;T
N;O;T;F;I;R;S;T;G;E;N;_;R;P;Y;_;3;Y;R;_;R;T
R;P;Y;_;5;Y;R;_;R;T
C;O;M;P;L;_;R;P;Y;_;5;Y;R;_;R;T
N;O;N;C;O;M;_;R;P;Y;_;5;Y;R;_;R;T
L;O;_;I;N;C;_;R;P;Y;_;5;Y;R;_;R;T
M;D;_;I;N;C;_;R;P;Y;_;5;Y;R;_;R;T
H;I;_;I;N;C;_;R;P;Y;_;5;Y;R;_;R;T
D;E;P;_;R;P;Y;_;5;Y;R;_;R;T
I;N;D;_;R;P;Y;_;5;Y;R;_;R;T
P;E;L;L;_;R;P;Y;_;5;Y;R;_;R;T
N;O;P;E;L;L;_;R;P;Y;_;5;Y;R;_;R;T
F;E;M;A;L;E;_;R;P;Y;_;5;Y;R;_;R;T
M;A;L;E;_;R;P;Y;_;5;Y;R;_;R;T
F;I;R;S;T;G;E;N;_;R;P;Y;_;5;Y;R;_;R;T
N;O;T;F;I;R;S;T;G;E;N;_;R;P;Y;_;5;Y;R;_;R;T
R;P;Y;_;7;Y;R;_;R;T
C;O;M;P;L;_;R;P;Y;_;7;Y;R;_;R;T
N;O;N;C;O;M;_;R;P;Y;_;7;Y;R;_;R;T
L;O;_;I;N;C;_;R;P;Y;_;7;Y;R;_;R;T
M;D;_;I;N;C;_;R;P;Y;_;7;Y;R;_;R;T
H;I;_;I;N;C;_;R;P;Y;_;7;Y;R;_;R;T
D;E;P;_;R;P;Y;_;7;Y;R;_;R;T
I;N;D;_;R;P;Y;_;7;Y;R;_;R;T
P;E;L;L;_;R;P;Y;_;7;Y;R;_;R;T
N;O;P;E;L;L;_;R;P;Y;_;7;Y;R;_;R;T
F;E;M;A;L;E;_;R;P;Y;_;7;Y;R;_;R;T
M;A;L;E;_;R;P;Y;_;7;Y;R;_;R;T
F;I;R;S;T;G;E;N;_;R;P;Y;_;7;Y;R;_;R;T
N;O;T;F;I;R;S;T;G;E;N;_;R;P;Y;_;7;Y;R;_;R;T
I;N;C;_;P;C;T;_;L;O
D;E;P;_;S;T;A;T;_;P;C;T;_;I;N;D
D;E;P;_;I;N;C;_;P;C;T;_;L;O
I;N;D;_;I;N;C;_;P;C;T;_;L;O
P;A;R;_;E;D;_;P;C;T;_;1;S;T;G;E;N
I;N;C;_;P;C;T;_;M;1
I;N;C;_;P;C;T;_;M;2
I;N;C;_;P;C;T;_;H;1
I;N;C;_;P;C;T;_;H;2
D;E;P;_;I;N;C;_;P;C;T;_;M;1
D;E;P;_;I;N;C;_;P;C;T;_;M;2
D;E;P;_;I;N;C;_;P;C;T;_;H;1
D;E;P;_;I;N;C;_;P;C;T;_;H;2
I;N;D;_;I;N;C;_;P;C;T;_;M;1
I;N;D;_;I;N;C;_;P;C;T;_;M;2
I;N;D;_;I;N;C;_;P;C;T;_;H;1
I;N;D;_;I;N;C;_;P;C;T;_;H;2
P;A;R;_;E;D;_;P;C;T;_;M;S
P;A;R;_;E;D;_;P;C;T;_;H;S
P;A;R;_;E;D;_;P;C;T;_;P;S
A;P;P;L;_;S;C;H;_;P;C;T;_;G;E;2
A;P;P;L;_;S;C;H;_;P;C;T;_;G;E;3
A;P;P;L;_;S;C;H;_;P;C;T;_;G;E;4
A;P;P;L;_;S;C;H;_;P;C;T;_;G;E;5
D;E;P;_;I;N;C;_;A;V;G
I;N;D;_;I;N;C;_;A;V;G
O;V;E;R;A;L;L;_;Y;R;2;_;N
L;O;_;I;N;C;_;Y;R;2;_;N
M;D;_;I;N;C;_;Y;R;2;_;N
H;I;_;I;N;C;_;Y;R;2;_;N
D;E;P;_;Y;R;2;_;N
I;N;D;_;Y;R;2;_;N
F;E;M;A;L;E;_;Y;R;2;_;N
M;A;L;E;_;Y;R;2;_;N
P;E;L;L;_;Y;R;2;_;N
N;O;P;E;L;L;_;Y;R;2;_;N
L;O;A;N;_;Y;R;2;_;N
N;O;L;O;A;N;_;Y;R;2;_;N
F;I;R;S;T;G;E;N;_;Y;R;2;_;N
N;O;T;1;S;T;G;E;N;_;Y;R;2;_;N
O;V;E;R;A;L;L;_;Y;R;3;_;N
L;O;_;I;N;C;_;Y;R;3;_;N
M;D;_;I;N;C;_;Y;R;3;_;N
H;I;_;I;N;C;_;Y;R;3;_;N
D;E;P;_;Y;R;3;_;N
I;N;D;_;Y;R;3;_;N
F;E;M;A;L;E;_;Y;R;3;_;N
M;A;L;E;_;Y;R;3;_;N
P;E;L;L;_;Y;R;3;_;N
N;O;P;E;L;L;_;Y;R;3;_;N
L;O;A;N;_;Y;R;3;_;N
N;O;L;O;A;N;_;Y;R;3;_;N
F;I;R;S;T;G;E;N;_;Y;R;3;_;N
N;O;T;1;S;T;G;E;N;_;Y;R;3;_;N
O;V;E;R;A;L;L;_;Y;R;4;_;N
L;O;_;I;N;C;_;Y;R;4;_;N
M;D;_;I;N;C;_;Y;R;4;_;N
H;I;_;I;N;C;_;Y;R;4;_;N
D;E;P;_;Y;R;4;_;N
I;N;D;_;Y;R;4;_;N
F;E;M;A;L;E;_;Y;R;4;_;N
M;A;L;E;_;Y;R;4;_;N
P;E;L;L;_;Y;R;4;_;N
N;O;P;E;L;L;_;Y;R;4;_;N
L;O;A;N;_;Y;R;4;_;N
N;O;L;O;A;N;_;Y;R;4;_;N
F;I;R;S;T;G;E;N;_;Y;R;4;_;N
N;O;T;1;S;T;G;E;N;_;Y;R;4;_;N
O;V;E;R;A;L;L;_;Y;R;6;_;N
L;O;_;I;N;C;_;Y;R;6;_;N
M;D;_;I;N;C;_;Y;R;6;_;N
H;I;_;I;N;C;_;Y;R;6;_;N
D;E;P;_;Y;R;6;_;N
I;N;D;_;Y;R;6;_;N
F;E;M;A;L;E;_;Y;R;6;_;N
M;A;L;E;_;Y;R;6;_;N
P;E;L;L;_;Y;R;6;_;N
N;O;P;E;L;L;_;Y;R;6;_;N
L;O;A;N;_;Y;R;6;_;N
N;O;L;O;A;N;_;Y;R;6;_;N
F;I;R;S;T;G;E;N;_;Y;R;6;_;N
N;O;T;1;S;T;G;E;N;_;Y;R;6;_;N
O;V;E;R;A;L;L;_;Y;R;8;_;N
L;O;_;I;N;C;_;Y;R;8;_;N
M;D;_;I;N;C;_;Y;R;8;_;N
H;I;_;I;N;C;_;Y;R;8;_;N
D;E;P;_;Y;R;8;_;N
I;N;D;_;Y;R;8;_;N
F;E;M;A;L;E;_;Y;R;8;_;N
M;A;L;E;_;Y;R;8;_;N
P;E;L;L;_;Y;R;8;_;N
N;O;P;E;L;L;_;Y;R;8;_;N
L;O;A;N;_;Y;R;8;_;N
N;O;L;O;A;N;_;Y;R;8;_;N
F;I;R;S;T;G;E;N;_;Y;R;8;_;N
N;O;T;1;S;T;G;E;N;_;Y;R;8;_;N
D;E;B;T;_;M;D;N
G;R;A;D;_;D;E;B;T;_;M;D;N
W;D;R;A;W;_;D;E;B;T;_;M;D;N
L;O;_;I;N;C;_;D;E;B;T;_;M;D;N
M;D;_;I;N;C;_;D;E;B;T;_;M;D;N
H;I;_;I;N;C;_;D;E;B;T;_;M;D;N
D;E;P;_;D;E;B;T;_;M;D;N
I;N;D;_;D;E;B;T;_;M;D;N
P;E;L;L;_;D;E;B;T;_;M;D;N
N;O;P;E;L;L;_;D;E;B;T;_;M;D;N
F;E;M;A;L;E;_;D;E;B;T;_;M;D;N
M;A;L;E;_;D;E;B;T;_;M;D;N
F;I;R;S;T;G;E;N;_;D;E;B;T;_;M;D;N
N;O;T;F;I;R;S;T;G;E;N;_;D;E;B;T;_;M;D;N
D;E;B;T;_;N
G;R;A;D;_;D;E;B;T;_;N
W;D;R;A;W;_;D;E;B;T;_;N
L;O;_;I;N;C;_;D;E;B;T;_;N
M;D;_;I;N;C;_;D;E;B;T;_;N
H;I;_;I;N;C;_;D;E;B;T;_;N
D;E;P;_;D;E;B;T;_;N
I;N;D;_;D;E;B;T;_;N
P;E;L;L;_;D;E;B;T;_;N
N;O;P;E;L;L;_;D;E;B;T;_;N
F;E;M;A;L;E;_;D;E;B;T;_;N
M;A;L;E;_;D;E;B;T;_;N
F;I;R;S;T;G;E;N;_;D;E;B;T;_;N
N;O;T;F;I;R;S;T;G;E;N;_;D;E;B;T;_;N
G;R;A;D;_;D;E;B;T;_;M;D;N;1;0;Y;R
C;U;M;L;_;D;E;B;T;_;N
C;U;M;L;_;D;E;B;T;_;P;9;0
C;U;M;L;_;D;E;B;T;_;P;7;5
C;U;M;L;_;D;E;B;T;_;P;2;5
C;U;M;L;_;D;E;B;T;_;P;1;0
I;N;C;_;N
D;E;P;_;I;N;C;_;N
I;N;D;_;I;N;C;_;N
D;E;P;_;S;T;A;T;_;N
P;A;R;_;E;D;_;N
A;P;P;L;_;S;C;H;_;N
R;E;P;A;Y;_;D;T;_;M;D;N
S;E;P;A;R;_;D;T;_;M;D;N
R;E;P;A;Y;_;D;T;_;N
S;E;P;A;R;_;D;T;_;N
R;P;Y;_;1;Y;R;_;N
C;O;M;P;L;_;R;P;Y;_;1;Y;R;_;N
N;O;N;C;O;M;_;R;P;Y;_;1;Y;R;_;N
L;O;_;I;N;C;_;R;P;Y;_;1;Y;R;_;N
M;D;_;I;N;C;_;R;P;Y;_;1;Y;R;_;N
H;I;_;I;N;C;_;R;P;Y;_;1;Y;R;_;N
D;E;P;_;R;P;Y;_;1;Y;R;_;N
I;N;D;_;R;P;Y;_;1;Y;R;_;N
P;E;L;L;_;R;P;Y;_;1;Y;R;_;N
N;O;P;E;L;L;_;R;P;Y;_;1;Y;R;_;N
F;E;M;A;L;E;_;R;P;Y;_;1;Y;R;_;N
M;A;L;E;_;R;P;Y;_;1;Y;R;_;N
F;I;R;S;T;G;E;N;_;R;P;Y;_;1;Y;R;_;N
N;O;T;F;I;R;S;T;G;E;N;_;R;P;Y;_;1;Y;R;_;N
R;P;Y;_;3;Y;R;_;N
C;O;M;P;L;_;R;P;Y;_;3;Y;R;_;N
N;O;N;C;O;M;_;R;P;Y;_;3;Y;R;_;N
L;O;_;I;N;C;_;R;P;Y;_;3;Y;R;_;N
M;D;_;I;N;C;_;R;P;Y;_;3;Y;R;_;N
H;I;_;I;N;C;_;R;P;Y;_;3;Y;R;_;N
D;E;P;_;R;P;Y;_;3;Y;R;_;N
I;N;D;_;R;P;Y;_;3;Y;R;_;N
P;E;L;L;_;R;P;Y;_;3;Y;R;_;N
N;O;P;E;L;L;_;R;P;Y;_;3;Y;R;_;N
F;E;M;A;L;E;_;R;P;Y;_;3;Y;R;_;N
M;A;L;E;_;R;P;Y;_;3;Y;R;_;N
F;I;R;S;T;G;E;N;_;R;P;Y;_;3;Y;R;_;N
N;O;T;F;I;R;S;T;G;E;N;_;R;P;Y;_;3;Y;R;_;N
R;P;Y;_;5;Y;R;_;N
C;O;M;P;L;_;R;P;Y;_;5;Y;R;_;N
N;O;N;C;O;M;_;R;P;Y;_;5;Y;R;_;N
L;O;_;I;N;C;_;R;P;Y;_;5;Y;R;_;N
M;D;_;I;N;C;_;R;P;Y;_;5;Y;R;_;N
H;I;_;I;N;C;_;R;P;Y;_;5;Y;R;_;N
D;E;P;_;R;P;Y;_;5;Y;R;_;N
I;N;D;_;R;P;Y;_;5;Y;R;_;N
P;E;L;L;_;R;P;Y;_;5;Y;R;_;N
N;O;P;E;L;L;_;R;P;Y;_;5;Y;R;_;N
F;E;M;A;L;E;_;R;P;Y;_;5;Y;R;_;N
M;A;L;E;_;R;P;Y;_;5;Y;R;_;N
F;I;R;S;T;G;E;N;_;R;P;Y;_;5;Y;R;_;N
N;O;T;F;I;R;S;T;G;E;N;_;R;P;Y;_;5;Y;R;_;N
R;P;Y;_;7;Y;R;_;N
C;O;M;P;L;_;R;P;Y;_;7;Y;R;_;N
N;O;N;C;O;M;_;R;P;Y;_;7;Y;R;_;N
L;O;_;I;N;C;_;R;P;Y;_;7;Y;R;_;N
M;D;_;I;N;C;_;R;P;Y;_;7;Y;R;_;N
H;I;_;I;N;C;_;R;P;Y;_;7;Y;R;_;N
D;E;P;_;R;P;Y;_;7;Y;R;_;N
I;N;D;_;R;P;Y;_;7;Y;R;_;N
P;E;L;L;_;R;P;Y;_;7;Y;R;_;N
N;O;P;E;L;L;_;R;P;Y;_;7;Y;R;_;N
F;E;M;A;L;E;_;R;P;Y;_;7;Y;R;_;N
M;A;L;E;_;R;P;Y;_;7;Y;R;_;N
F;I;R;S;T;G;E;N;_;R;P;Y;_;7;Y;R;_;N
N;O;T;F;I;R;S;T;G;E;N;_;R;P;Y;_;7;Y;R;_;N
C;O;U;N;T;_;E;D
L;O;A;N;_;E;V;E;R
P;E;L;L;_;E;V;E;R
A;G;E;_;E;N;T;R;Y
A;G;E;_;E;N;T;R;Y;_;S;Q
A;G;E;G;E;2;4
F;E;M;A;L;E
M;A;R;R;I;E;D
D;E;P;E;N;D;E;N;T
V;E;T;E;R;A;N
F;I;R;S;T;_;G;E;N
F;A;M;I;N;C
M;D;_;F;A;M;I;N;C
F;A;M;I;N;C;_;I;N;D
L;N;F;A;M;I;N;C
L;N;F;A;M;I;N;C;_;I;N;D
P;C;T;_;W;H;I;T;E
P;C;T;_;B;L;A;C;K
P;C;T;_;A;S;I;A;N
P;C;T;_;H;I;S;P;A;N;I;C
P;C;T;_;B;A
P;C;T;_;G;R;A;D;_;P;R;O;F
P;C;T;_;B;O;R;N;_;U;S
M;E;D;I;A;N;_;H;H;_;I;N;C
P;O;V;E;R;T;Y;_;R;A;T;E
U;N;E;M;P;_;R;A;T;E
L;N;_;M;E;D;I;A;N;_;H;H;_;I;N;C
F;S;E;N;D;_;C;O;U;N;T
F;S;E;N;D;_;1
F;S;E;N;D;_;2
F;S;E;N;D;_;3
F;S;E;N;D;_;4
F;S;E;N;D;_;5
C;O;U;N;T;_;N;W;N;E;_;P;1;0
C;O;U;N;T;_;W;N;E;_;P;1;0
M;N;_;E;A;R;N;_;W;N;E;_;P;1;0
M;D;_;E;A;R;N;_;W;N;E;_;P;1;0
P;C;T;1;0;_;E;A;R;N;_;W;N;E;_;P;1;0
P;C;T;2;5;_;E;A;R;N;_;W;N;E;_;P;1;0
P;C;T;7;5;_;E;A;R;N;_;W;N;E;_;P;1;0
P;C;T;9;0;_;E;A;R;N;_;W;N;E;_;P;1;0
S;D;_;E;A;R;N;_;W;N;E;_;P;1;0
C;O;U;N;T;_;W;N;E;_;I;N;C;1;_;P;1;0
C;O;U;N;T;_;W;N;E;_;I;N;C;2;_;P;1;0
C;O;U;N;T;_;W;N;E;_;I;N;C;3;_;P;1;0
C;O;U;N;T;_;W;N;E;_;I;N;D;E;P;0;_;I;N;C;1;_;P;1;0
C;O;U;N;T;_;W;N;E;_;I;N;D;E;P;0;_;P;1;0
C;O;U;N;T;_;W;N;E;_;I;N;D;E;P;1;_;P;1;0
C;O;U;N;T;_;W;N;E;_;M;A;L;E;0;_;P;1;0
C;O;U;N;T;_;W;N;E;_;M;A;L;E;1;_;P;1;0
G;T;_;2;5;K;_;P;1;0
M;N;_;E;A;R;N;_;W;N;E;_;I;N;C;1;_;P;1;0
M;N;_;E;A;R;N;_;W;N;E;_;I;N;C;2;_;P;1;0
M;N;_;E;A;R;N;_;W;N;E;_;I;N;C;3;_;P;1;0
M;N;_;E;A;R;N;_;W;N;E;_;I;N;D;E;P;0;_;I;N;C;1;_;P;1;0
M;N;_;E;A;R;N;_;W;N;E;_;I;N;D;E;P;0;_;P;1;0
M;N;_;E;A;R;N;_;W;N;E;_;I;N;D;E;P;1;_;P;1;0
M;N;_;E;A;R;N;_;W;N;E;_;M;A;L;E;0;_;P;1;0
M;N;_;E;A;R;N;_;W;N;E;_;M;A;L;E;1;_;P;1;0
C;O;U;N;T;_;N;W;N;E;_;P;6
C;O;U;N;T;_;W;N;E;_;P;6
M;N;_;E;A;R;N;_;W;N;E;_;P;6
M;D;_;E;A;R;N;_;W;N;E;_;P;6
P;C;T;1;0;_;E;A;R;N;_;W;N;E;_;P;6
P;C;T;2;5;_;E;A;R;N;_;W;N;E;_;P;6
P;C;T;7;5;_;E;A;R;N;_;W;N;E;_;P;6
P;C;T;9;0;_;E;A;R;N;_;W;N;E;_;P;6
S;D;_;E;A;R;N;_;W;N;E;_;P;6
C;O;U;N;T;_;W;N;E;_;I;N;C;1;_;P;6
C;O;U;N;T;_;W;N;E;_;I;N;C;2;_;P;6
C;O;U;N;T;_;W;N;E;_;I;N;C;3;_;P;6
C;O;U;N;T;_;W;N;E;_;I;N;D;E;P;0;_;I;N;C;1;_;P;6
C;O;U;N;T;_;W;N;E;_;I;N;D;E;P;0;_;P;6
C;O;U;N;T;_;W;N;E;_;I;N;D;E;P;1;_;P;6
C;O;U;N;T;_;W;N;E;_;M;A;L;E;0;_;P;6
C;O;U;N;T;_;W;N;E;_;M;A;L;E;1;_;P;6
G;T;_;2;5;K;_;P;6
M;N;_;E;A;R;N;_;W;N;E;_;I;N;C;1;_;P;6
M;N;_;E;A;R;N;_;W;N;E;_;I;N;C;2;_;P;6
M;N;_;E;A;R;N;_;W;N;E;_;I;N;C;3;_;P;6
M;N;_;E;A;R;N;_;W;N;E;_;I;N;D;E;P;0;_;I;N;C;1;_;P;6
M;N;_;E;A;R;N;_;W;N;E;_;I;N;D;E;P;0;_;P;6
M;N;_;E;A;R;N;_;W;N;E;_;I;N;D;E;P;1;_;P;6
M;N;_;E;A;R;N;_;W;N;E;_;M;A;L;E;0;_;P;6
M;N;_;E;A;R;N;_;W;N;E;_;M;A;L;E;1;_;P;6
C;O;U;N;T;_;N;W;N;E;_;P;7
C;O;U;N;T;_;W;N;E;_;P;7
M;N;_;E;A;R;N;_;W;N;E;_;P;7
S;D;_;E;A;R;N;_;W;N;E;_;P;7
G;T;_;2;5;K;_;P;7
C;O;U;N;T;_;N;W;N;E;_;P;8
C;O;U;N;T;_;W;N;E;_;P;8
M;N;_;E;A;R;N;_;W;N;E;_;P;8
M;D;_;E;A;R;N;_;W;N;E;_;P;8
P;C;T;1;0;_;E;A;R;N;_;W;N;E;_;P;8
P;C;T;2;5;_;E;A;R;N;_;W;N;E;_;P;8
P;C;T;7;5;_;E;A;R;N;_;W;N;E;_;P;8
P;C;T;9;0;_;E;A;R;N;_;W;N;E;_;P;8
S;D;_;E;A;R;N;_;W;N;E;_;P;8
G;T;_;2;5;K;_;P;8
C;O;U;N;T;_;N;W;N;E;_;P;9
C;O;U;N;T;_;W;N;E;_;P;9
M;N;_;E;A;R;N;_;W;N;E;_;P;9
S;D;_;E;A;R;N;_;W;N;E;_;P;9
G;T;_;2;5;K;_;P;9
D;E;B;T;_;M;D;N;_;S;U;P;P
G;R;A;D;_;D;E;B;T;_;M;D;N;_;S;U;P;P
G;R;A;D;_;D;E;B;T;_;M;D;N;1;0;Y;R;_;S;U;P;P
R;P;Y;_;3;Y;R;_;R;T;_;S;U;P;P
L;O;_;I;N;C;_;R;P;Y;_;3;Y;R;_;R;T;_;S;U;P;P
M;D;_;I;N;C;_;R;P;Y;_;3;Y;R;_;R;T;_;S;U;P;P
H;I;_;I;N;C;_;R;P;Y;_;3;Y;R;_;R;T;_;S;U;P;P
C;O;M;P;L;_;R;P;Y;_;3;Y;R;_;R;T;_;S;U;P;P
N;O;N;C;O;M;_;R;P;Y;_;3;Y;R;_;R;T;_;S;U;P;P
D;E;P;_;R;P;Y;_;3;Y;R;_;R;T;_;S;U;P;P
I;N;D;_;R;P;Y;_;3;Y;R;_;R;T;_;S;U;P;P
P;E;L;L;_;R;P;Y;_;3;Y;R;_;R;T;_;S;U;P;P
N;O;P;E;L;L;_;R;P;Y;_;3;Y;R;_;R;T;_;S;U;P;P
F;E;M;A;L;E;_;R;P;Y;_;3;Y;R;_;R;T;_;S;U;P;P
M;A;L;E;_;R;P;Y;_;3;Y;R;_;R;T;_;S;U;P;P
F;I;R;S;T;G;E;N;_;R;P;Y;_;3;Y;R;_;R;T;_;S;U;P;P
N;O;T;F;I;R;S;T;G;E;N;_;R;P;Y;_;3;Y;R;_;R;T;_;S;U;P;P
C;1;5;0;_;L;4;_;P;O;O;L;E;D;_;S;U;P;P
C;1;5;0;_;4;_;P;O;O;L;E;D;_;S;U;P;P
C;2;0;0;_;L;4;_;P;O;O;L;E;D;_;S;U;P;P
C;2;0;0;_;4;_;P;O;O;L;E;D;_;S;U;P;P
A;L;I;A;S
C;1;0;0;_;4
D;1;0;0;_;4
C;1;0;0;_;L;4
D;1;0;0;_;L;4
T;R;A;N;S;_;4
D;T;R;A;N;S;_;4
T;R;A;N;S;_;L;4
D;T;R;A;N;S;_;L;4
I;C;L;E;V;E;L
U;G;D;S;_;M;E;N
U;G;D;S;_;W;O;M;E;N
C;D;R;3;_;D;E;N;O;M
C;D;R;2;_;D;E;N;O;M
